"Country","Year","Most sold brand of cigarettes - taxes as a % of price - specific excise","Most sold brand of cigarettes - taxes as a % of price - ad valorem excise","Most sold brand of cigarettes - taxes as a % of price - value added tax","Most sold brand of cigarettes - taxes as a % of price - import duties","Most sold brand of cigarettes - taxes as a % of price - other taxes","Most sold brand of cigarettes - taxes as a % of price - total tax","Most sold brand of cigarettes - currency reported","Most sold brand of cigarettes - price in currency reported"
"Afghanistan"," 2020","0","0","0","0.21","0","0.21","AFN","30"
"Afghanistan"," 2018","0","0","0","0.21","0","0.21","","30"
"Afghanistan"," 2016","0","0","0","0.2","0","0.2","","30"
"Afghanistan"," 2014","0","0","0","0.28","0","0.28","","20"
"Afghanistan"," 2012","0","0","0","0.02","0","0.02","","15"
"Afghanistan"," 2010","0","0","0","0.04","0","0.04","","10"
"Afghanistan"," 2008","0","0","0","0.08","0","0.08","","8.5"
"Albania"," 2020","0.5","0","0.17","0","0","0.67","ALL","250"
"Albania"," 2018","0.49","0","0.17","0","0","0.65","","240"
"Albania"," 2016","0.48","0","0.17","0.02","0","0.66","","230"
"Albania"," 2014","0.45","0","0.17","0.02","0","0.64","","200"
"Albania"," 2012","0.41","0","0.17","0.03","0","0.61","","170"
"Albania"," 2010","0.33","0","0.17","0.03","0","0.53","","150"
"Albania"," 2008","0.31","0","0.17","0.03","0","0.5","","130"
"Algeria"," 2020","0.1","0.06","0.15","0","0.04","0.35","DZD","300"
"Algeria"," 2018","0.1","0.07","0.14","0","0.04","0.34","","300"
"Algeria"," 2016","0.12","0.06","0.14","0","0.05","0.37","","210"
"Algeria"," 2014","0.14","0","0.13","0","0.07","0.35","","150"
"Algeria"," 2012","0.25","0","0.13","0","0.13","0.51","","85"
"Algeria"," 2010","0.25","0","0.13","0","0.11","0.49","","85"
"Algeria"," 2008","0.31","0","0.13","0","0.09","0.52","","70"
"Andorra"," 2020","0.74","0","0.04","0","0","0.78","EUR","3.65"
"Andorra"," 2018","0.75","0","0.04","0","0","0.79","","3.6"
"Andorra"," 2016","0.7","0","0.04","0","0","0.75","","3.5"
"Andorra"," 2014","0.64","0","0.04","0","0","0.68","","3.5"
"Andorra"," 2012","0.53","0","0.01","0","0.02","0.56","","3.1"
"Andorra"," 2010","0.01","0.02","0.01","0.54","0","0.58","","2.4"
"Angola"," 2020","0","0.04","0.02","0.06","0","0.12","AOA","900"
"Angola"," 2018","0","0","0.23","0","0.01","0.24","","450"
"Angola"," 2014","0","0","0.23","0","0.01","0.24","","200"
"Angola"," 2012","0","0","0.23","0","0","0.23","","150"
"Angola"," 2008","0","0","0.23","0","0","0.23","","50"
"Antigua and Barbuda"," 2020","0","0","0.13","0","0","0.13","XCD","14.1"
"Antigua and Barbuda"," 2018","0","0","0.13","0","0","0.13","","8"
"Antigua and Barbuda"," 2016","0","0","0.13","0","0.02","0.15","","8"
"Antigua and Barbuda"," 2014","0","0","0.13","0","0.02","0.15","","8"
"Antigua and Barbuda"," 2012","0","0","0.13","0","0.02","0.15","","6.5"
"Antigua and Barbuda"," 2010","0","0","0.13","0","0.02","0.15","","6.5"
"Antigua and Barbuda"," 2008","0","0","0.13","0","0.02","0.15","","6.5"
"Argentina"," 2020","0","0.55","0.05","0","0.17","0.77","ARS","141"
"Argentina"," 2018","0","0.54","0.05","0","0.18","0.77","","60"
"Argentina"," 2016","0","0.59","0.04","0","0.17","0.8","","40"
"Argentina"," 2014","0","0.47","0.06","0","0.17","0.7","","14.5"
"Argentina"," 2012","0","0.47","0.05","0","0.18","0.7","","8"
"Argentina"," 2010","0","0.46","0.05","0","0.18","0.69","","5.38"
"Argentina"," 2008","0","0.46","0.07","0","0.17","0.69","","3.8"
"Armenia"," 2020","0.28","0","0.17","0","0","0.44","AMD","700"
"Armenia"," 2018","0.21","0","0.17","0","0","0.38","","680"
"Armenia"," 2016","0.18","0","0.17","0","0","0.35","","600"
"Armenia"," 2014","0.17","0","0.17","0","0","0.33","","600"
"Armenia"," 2012","0.2","0","0.05","0","0","0.25","","600"
"Armenia"," 2010","0.18","0","0.04","0.02","0","0.24","","550"
"Armenia"," 2008","0.17","0","0.03","0.02","0","0.22","","500"
"Australia"," 2020","0.65","0","0.09","0","0","0.74","AUD","29.3"
"Australia"," 2018","0.68","0","0.09","0","0","0.78","","20.75"
"Australia"," 2016","0.51","0","0.09","0","0","0.6","","21"
"Australia"," 2014","0.48","0","0.09","0","0","0.57","","17.05"
"Australia"," 2012","0.51","0","0.09","0","0","0.6","","13.63"
"Australia"," 2010","0.55","0","0.09","0","0","0.64","","11.98"
"Australia"," 2008","0.53","0","0.09","0","0","0.62","","9.6"
"Austria"," 2020","0.2","0.38","0.17","0","0","0.75","EUR","5.7"
"Austria"," 2018","0.21","0.38","0.17","0","0","0.75","","5.5"
"Austria"," 2016","0.2","0.39","0.17","0","0","0.76","","5"
"Austria"," 2014","0.16","0.41","0.17","0","0","0.74","","4.9"
"Austria"," 2012","0.16","0.42","0.17","0","0","0.74","","4.5"
"Austria"," 2010","0.13","0.43","0.17","0","0","0.73","","4"
"Austria"," 2008","0.15","0.43","0.17","0","0","0.74","","3.6"
"Azerbaijan"," 2020","0.34","0","0.15","0","0","0.5","AZN","1.8"
"Azerbaijan"," 2018","0.2","0","0.15","0","0","0.35","","1.2"
"Azerbaijan"," 2016","0.03","0","0.15","0","0","0.18","","2.8"
"Azerbaijan"," 2014","0.02","0","0.15","0","0","0.17","","1.4"
"Azerbaijan"," 2012","0.03","0","0.15","0.01","0","0.19","","1.1"
"Azerbaijan"," 2010","0.04","0","0.15","0.01","0","0.21","","0.7"
"Azerbaijan"," 2008","0.04","0","0.15","0.01","0","0.21","","0.7"
"Bahamas"," 2020","0.3","0","0.11","0","0.03","0.43","BSD","10"
"Bahamas"," 2016","0.34","0","0.07","0","0","0.4","","8.95"
"Bahamas"," 2014","0.43","0","0","0","0","0.43","","7"
"Bahamas"," 2012","0","0.26","0","0","0","0.26","","5"
"Bahamas"," 2010","0","0.31","0","0","0","0.31","","2.69"
"Bahamas"," 2008","0","0.31","0","0","0","0.31","","2.69"
"Bahrain"," 2020","0","0.5","0.05","0.17","0","0.72","BHD","2.3"
"Bahrain"," 2018","0","0.5","0","0.2","0","0.7","","2"
"Bahrain"," 2016","0","0","0","0.13","0","0.13","","1.5"
"Bahrain"," 2014","0","0","0","0.2","0","0.2","","1"
"Bahrain"," 2012","0","0","0","0.2","0","0.2","","1"
"Bahrain"," 2010","0","0","0","0.29","0","0.29","","0.7"
"Bahrain"," 2008","0","0","0","0.33","0","0.33","","0.6"
"Bangladesh"," 2020","0","0.57","0.15","0","0.01","0.73","BDT","95"
"Bangladesh"," 2018","0","0.55","0.15","0","0.01","0.71","","80"
"Bangladesh"," 2016","0","0.5","0.15","0","0.01","0.66","","50"
"Bangladesh"," 2014","0","0.42","0.15","0","0.01","0.58","","30"
"Bangladesh"," 2012","0","0.39","0.15","0","0","0.54","","28"
"Bangladesh"," 2010","0","0.33","0.15","0","0","0.48","","17"
"Bangladesh"," 2008","0","0.32","0.15","0","0","0.47","","15"
"Barbados"," 2018","0.32","0","0.15","0","0","0.47","","14.65"
"Barbados"," 2016","0.25","0","0.15","0","0","0.4","","15"
"Barbados"," 2014","0.27","0","0.15","0","0","0.42","","13.85"
"Barbados"," 2012","0.33","0","0.15","0","0","0.48","","11.29"
"Barbados"," 2010","0.34","0","0.13","0","0.01","0.48","","11"
"Barbados"," 2008","0.34","0","0.13","0","0.01","0.48","","11"
"Belarus"," 2020","0.39","0","0.17","0","0","0.56","BYN","1.28"
"Belarus"," 2018","0.34","0","0.17","0","0","0.51","","1.1"
"Belarus"," 2016","0.32","0","0.17","0","0","0.49","","9600"
"Belarus"," 2014","0.35","0","0.17","0","0","0.52","","7050"
"Belarus"," 2012","0.19","0","0.17","0","0","0.36","","3050"
"Belarus"," 2010","0.12","0","0.17","0","0","0.28","","1150"
"Belarus"," 2008","0.14","0","0.15","0","0","0.29","","860"
"Belgium"," 2020","0.2","0.4","0.17","0","0","0.77","EUR","6.8"
"Belgium"," 2018","0.2","0.4","0.17","0","0","0.77","","6.6"
"Belgium"," 2016","0.13","0.46","0.17","0","0","0.76","","6.32"
"Belgium"," 2014","0.08","0.5","0.17","0","0","0.76","","5.79"
"Belgium"," 2012","0.06","0.53","0.17","0","0","0.76","","5.26"
"Belgium"," 2010","0.07","0.52","0.17","0","0","0.76","","4.84"
"Belgium"," 2008","0.08","0.52","0.17","0","0","0.77","","4.16"
"Belize"," 2020","0.24","0","0.11","0","0","0.35","BZD","5.5"
"Belize"," 2018","0.33","0","0.11","0","0","0.44","","4"
"Belize"," 2016","0.26","0","0.11","0","0","0.37","","5"
"Belize"," 2014","0","0","0.11","0","0.26","0.37","","5"
"Belize"," 2012","0","0","0.11","0","0.26","0.37","","5"
"Belize"," 2010","0.48","0","0.11","0","0","0.59","","5"
"Belize"," 2008","0.48","0","0.09","0","0","0.57","","5"
"Benin"," 2020","0","0.08","0.01","0","0","0.1","XOF","500"
"Benin"," 2018","0","0.03","0.01","0","0","0.05","","500"
"Benin"," 2016","0","0.04","0.02","0","0.01","0.06","","500"
"Benin"," 2014","0","0.05","0.02","0","0.01","0.09","","500"
"Benin"," 2012","0","0.05","0.02","0","0.01","0.09","","500"
"Benin"," 2010","0","0.07","0.03","0","0.01","0.12","","500"
"Benin"," 2008","0","0.04","0.02","0","0.01","0.07","","500"
"Bhutan"," 2020","0","0.08","0","0","0","0.08","BTN","360"
"Bolivia (Plurinational State of)"," 2020","0.24","0","0.12","0","0","0.36","BOB","12"
"Bolivia (Plurinational State of)"," 2018","0.25","0","0.12","0","0","0.37","","11.5"
"Bolivia (Plurinational State of)"," 2016","0","0.28","0.12","0","0","0.39","","11"
"Bolivia (Plurinational State of)"," 2014","0","0.28","0.12","0","0","0.39","","10"
"Bolivia (Plurinational State of)"," 2012","0","0.28","0.12","0","0","0.39","","8"
"Bolivia (Plurinational State of)"," 2010","0","0.26","0.12","0","0","0.38","","6"
"Bolivia (Plurinational State of)"," 2008","0","0.29","0.12","0","0","0.41","","5.5"
"Bosnia and Herzegovina"," 2020","0.28","0.42","0.15","0","0","0.84","BAM","6"
"Bosnia and Herzegovina"," 2018","0.27","0.42","0.15","0","0","0.84","","5.5"
"Bosnia and Herzegovina"," 2016","0.27","0.42","0.15","0.01","0","0.84","","4.5"
"Bosnia and Herzegovina"," 2014","0.24","0.42","0.15","0.01","0","0.82","","3.7"
"Bosnia and Herzegovina"," 2012","0.16","0.42","0.15","0.02","0","0.75","","2.8"
"Bosnia and Herzegovina"," 2010","0.13","0.42","0.15","0.02","0","0.72","","2.3"
"Bosnia and Herzegovina"," 2008","0","0.42","0.15","0","0","0.57","","2"
"Botswana"," 2020","0.35","0","0.11","0","0.06","0.52","BWP","49.5"
"Botswana"," 2018","0.31","0","0.11","0","0.08","0.5","","38.95"
"Botswana"," 2016","0.3","0.09","0.11","0","0","0.5","","33.33"
"Botswana"," 2014","0.35","0.1","0.11","0","0","0.55","","27.33"
"Botswana"," 2012","0.39","0","0.11","0","0","0.49","","25"
"Botswana"," 2010","0.46","0","0.09","0","0","0.55","","18"
"Botswana"," 2008","0.34","0","0.09","0","0","0.43","","17.5"
"Brazil"," 2020","0.29","0.1","0.32","0","0.11","0.82","BRL","5.25"
"Brazil"," 2018","0.3","0.1","0.32","0","0.11","0.83","","5"
"Brazil"," 2016","0.22","0.1","0.25","0","0.11","0.68","","6.24"
"Brazil"," 2014","0.21","0.08","0.25","0","0.11","0.65","","5.75"
"Brazil"," 2012","0.21","0.06","0.25","0","0.11","0.63","","4.25"
"Brazil"," 2010","0.23","0","0.25","0","0.11","0.59","","3.25"
"Brazil"," 2008","0.26","0","0.25","0","0.06","0.57","","2.4"
"Brunei Darussalam"," 2020","","","","","","","Not applicable",""
"Brunei Darussalam"," 2012","0.68","0","0","0","0","0.68","","7.4"
"Brunei Darussalam"," 2010","0.54","0","0","0","0","0.54","","2.24"
"Brunei Darussalam"," 2008","0.54","0","0","0","0","0.54","","2.24"
"Bulgaria"," 2020","0.44","0.25","0.17","0","0","0.85","BGN","5"
"Bulgaria"," 2018","0.45","0.25","0.17","0","0","0.87","","4.8"
"Bulgaria"," 2016","0.3","0.38","0.17","0","0","0.85","","4.6"
"Bulgaria"," 2014","0.46","0.23","0.17","0","0","0.86","","4.4"
"Bulgaria"," 2012","0.44","0.23","0.17","0","0","0.84","","4.6"
"Bulgaria"," 2010","0.49","0.23","0.17","0","0","0.89","","4.12"
"Bulgaria"," 2008","0.28","0.41","0.17","0","0","0.85","","2.9"
"Burkina Faso"," 2020","0","0.28","0.15","0","0","0.44","XOF","750"
"Burkina Faso"," 2018","0","0.26","0.15","0","0","0.42","","750"
"Burkina Faso"," 2016","0","0.2","0.15","0","0","0.35","","650"
"Burkina Faso"," 2014","0","0.17","0.15","0","0","0.32","","500"
"Burkina Faso"," 2012","0","0.17","0.15","0","0","0.32","","500"
"Burkina Faso"," 2010","0","0.17","0.15","0","0","0.32","","500"
"Burkina Faso"," 2008","0","0.15","0.15","0","0","0.31","","500"
"Burundi"," 2020","0.22","0","0.15","0","0","0.37","BIF","2000"
"Burundi"," 2018","0.28","0","0.15","0","0","0.43","","1600"
"Burundi"," 2016","0.28","0","0.15","0","0","0.43","","1600"
"Burundi"," 2014","0.28","0","0.15","0","0","0.43","","1600"
"Burundi"," 2012","0","0.38","0.15","0","0","0.54","","800"
"Burundi"," 2010","0","0.36","0.15","0","0.05","0.56","","800"
"Burundi"," 2008","0","0.46","0.08","0","0.05","0.59","","600"
"Cabo Verde"," 2020","0.08","0.05","0.03","0.04","0","0.19","CVE","250"
"Cabo Verde"," 2018","0","0.03","0.03","0.05","0","0.11","","180"
"Cabo Verde"," 2016","0","0.03","0.03","0.05","0","0.11","","180"
"Cabo Verde"," 2014","0","0.03","0.03","0.05","0","0.11","","180"
"Cabo Verde"," 2012","0","0.03","0.03","0.05","0","0.11","","180"
"Cabo Verde"," 2010","0","0.01","0.03","0.05","0","0.1","","180"
"Cabo Verde"," 2008","0","0.01","0.03","0.05","0","0.1","","180"
"Cambodia"," 2020","0","0.15","0.09","0","0.03","0.26","KHR","2100"
"Cambodia"," 2018","0","0.13","0.09","0","0.03","0.25","","2000"
"Cambodia"," 2016","0","0.13","0.09","0","0.03","0.25","","2000"
"Cambodia"," 2014","0","0.1","0.09","0","0.03","0.22","","1800"
"Cambodia"," 2012","0","0.05","0.09","0","0.03","0.17","","1700"
"Cambodia"," 2010","0","0.05","0.09","0","0.03","0.17","","0.33"
"Cambodia"," 2008","0","0.05","0.09","0","0.03","0.17","","0.3"
"Cameroon"," 2020","0.14","0.06","0.16","0.05","0.02","0.43","XAF","700"
"Cameroon"," 2018","0.12","0.07","0.16","0.06","0.01","0.42","","600"
"Cameroon"," 2016","0.14","0.08","0.16","0.07","0.02","0.47","","500"
"Cameroon"," 2014","0.1","0.07","0.16","0.06","0.01","0.4","","500"
"Cameroon"," 2012","0.1","0.07","0.16","0.07","0.01","0.42","","500"
"Cameroon"," 2010","0","0.07","0.16","0.06","0.01","0.31","","500"
"Cameroon"," 2008","0","0.07","0.16","0.07","0.01","0.32","","500"
"Canada"," 2020","0.53","0","0.09","0","0","0.62","CAD","12.85"
"Canada"," 2018","0.55","0","0.09","0","0","0.64","","11.81"
"Canada"," 2016","0.57","0","0.09","0","0","0.66","","10.29"
"Canada"," 2014","0.61","0","0.09","0","0","0.7","","9.25"
"Canada"," 2012","0.56","0","0.09","0","0","0.64","","8.49"
"Canada"," 2010","0.53","0","0.09","0","0","0.62","","8.68"
"Canada"," 2008","0.59","0","0.06","0","0","0.65","","7.86"
"Central African Republic"," 2018","0.11","0.15","0.16","0","0","0.42","","550"
"Central African Republic"," 2014","0","0.17","0.16","0","0","0.33","","500"
"Central African Republic"," 2010","0","0.17","0.16","0","0","0.33","","312"
"Central African Republic"," 2008","0","0.17","0.16","0","0","0.33","","300"
"Chad"," 2020","0.2","0.12","0.15","0","0.04","0.52","XAF","500"
"Chad"," 2018","0","0.16","0.15","0","0.02","0.34","","1000"
"Chad"," 2016","0","0.16","0.15","0","0.03","0.34","","750"
"Chad"," 2014","0","0.14","0.15","0","0.02","0.31","","700"
"Chad"," 2012","0","0.08","0.15","0","0.02","0.25","","500"
"Chad"," 2010","0","0.08","0.15","0","0.02","0.25","","500"
"Chad"," 2008","0","0.08","0.15","0","0.02","0.25","","500"
"Chile"," 2020","0.34","0.3","0.16","0","0","0.8","CLP","3044"
"Chile"," 2018","0.36","0.3","0.16","0","0","0.82","","2700"
"Chile"," 2016","0.43","0.3","0.16","0","0","0.89","","2178"
"Chile"," 2014","0.06","0.61","0.16","0","0","0.83","","1701"
"Chile"," 2012","0.03","0.62","0.16","0","0","0.82","","1635"
"Chile"," 2010","0","0.6","0.16","0","0","0.76","","1188"
"Chile"," 2008","0","0.6","0.16","0","0","0.76","","1074"
"China"," 2020","0.01","0.35","0.12","0","0.07","0.54","CNY","15.29"
"China"," 2018","0.01","0.34","0.14","0","0.07","0.56","","14.07"
"China"," 2016","0.01","0.33","0.15","0","0.07","0.56","","12.84"
"China"," 2014","0.01","0.3","0.15","0","0.06","0.52","","11.61"
"China"," 2012","0.01","0.29","0.15","0","0.06","0.5","","10.57"
"China"," 2010","0.01","0.29","0.15","0","0.05","0.49","","7.57"
"China"," 2008","0.01","0.21","0.15","0","0.04","0.41","","6.44"
"Colombia"," 2020","0.47","0.1","0.16","0","0","0.73","COP","5152"
"Colombia"," 2018","0.52","0.1","0.16","0","0","0.78","","4003"
"Colombia"," 2016","0.26","0.1","0.14","0","0","0.5","","2726"
"Colombia"," 2014","0.26","0.1","0.14","0","0","0.49","","2479"
"Colombia"," 2012","0.27","0.1","0.14","0","0","0.51","","2269"
"Colombia"," 2010","0.3","0.1","0.1","0","0","0.5","","1880"
"Colombia"," 2008","0.24","0","0.11","0","0","0.34","","1769"
"Comoros"," 2020","0","0.63","0.09","0","0.02","0.74","KMF","400"
"Comoros"," 2018","0","0.59","0.09","0","0.03","0.71","","400"
"Comoros"," 2016","0","0.25","0.09","0.02","0.01","0.37","","750"
"Comoros"," 2014","0","0.38","0.09","0.03","0.01","0.51","","500"
"Comoros"," 2012","0","0.38","0.09","0.03","0.01","0.51","","500"
"Comoros"," 2010","0","0.38","0.09","0.03","0.01","0.51","","500"
"Comoros"," 2008","0","0.28","0.09","0.03","0.01","0.42","","500"
"Congo"," 2020","0","0.11","0.16","0","0","0.27","XAF","750"
"Congo"," 2018","0.06","0.15","0.16","0","0","0.37","","650"
"Congo"," 2016","0.06","0.15","0.16","0","0","0.37","","650"
"Congo"," 2014","0.07","0.15","0.16","0","0","0.38","","600"
"Congo"," 2012","0","0.16","0.16","0","0","0.32","","500"
"Congo"," 2010","0","0.16","0.16","0","0","0.32","","500"
"Congo"," 2008","0","0.16","0.16","0","0","0.32","","500"
"Cook Islands"," 2018","0.6","0","0.1","0","0","0.7","","24"
"Cook Islands"," 2016","0.64","0","0.1","0","0","0.74","","21.7"
"Cook Islands"," 2014","0.52","0","0.09","0","0","0.61","","19"
"Cook Islands"," 2012","0.62","0","0.09","0","0","0.71","","12"
"Cook Islands"," 2010","0.4","0","0.07","0","0","0.46","","8.2"
"Cook Islands"," 2008","0.4","0","0.07","0","0","0.46","","8.2"
"Costa Rica"," 2020","0.22","0.21","0.09","0","0.02","0.54","CRC","2200"
"Costa Rica"," 2018","0.25","0.2","0.09","0","0.02","0.55","","1900"
"Costa Rica"," 2016","0.27","0.2","0.08","0","0.02","0.56","","1700"
"Costa Rica"," 2014","0.27","0.19","0.08","0","0.02","0.57","","1600"
"Costa Rica"," 2012","0.31","0.18","0.08","0","0.01","0.58","","1300"
"Costa Rica"," 2010","0","0.28","0.12","0","0.02","0.42","","800"
"Costa Rica"," 2008","0","0.28","0.12","0","0.02","0.42","","750"
"Côte d'Ivoire"," 2020","0","0.16","0.15","0","0.03","0.35","XOF","700"
"Côte d'Ivoire"," 2018","0","0.15","0.15","0","0.03","0.33","","700"
"Côte d'Ivoire"," 2016","0","0.15","0.13","0","0.03","0.31","","700"
"Côte d'Ivoire"," 2014","0","0.13","0.11","0","0.03","0.26","","700"
"Côte d'Ivoire"," 2012","0","0.12","0.11","0","0.03","0.25","","700"
"Côte d'Ivoire"," 2010","0","0.12","0.11","0","0.03","0.25","","700"
"Côte d'Ivoire"," 2008","0","0.12","0.11","0","0.03","0.25","","700"
"Croatia"," 2020","0.3","0.34","0.2","0","0","0.84","HRK","25"
"Croatia"," 2018","0.25","0.34","0.2","0","0","0.79","","25"
"Croatia"," 2016","0.19","0.38","0.2","0","0","0.77","","24"
"Croatia"," 2014","0.18","0.37","0.2","0","0","0.75","","23"
"Croatia"," 2012","0.18","0.33","0.2","0","0","0.71","","20"
"Croatia"," 2010","0.2","0.33","0.19","0","0","0.72","","18"
"Croatia"," 2008","0.43","0","0.18","0","0","0.61","","15"
"Cuba"," 2018","0","0.7","0","0","0","0.7","","12.5"
"Cuba"," 2016","0","0.7","0","0","0","0.7","","7"
"Cuba"," 2014","0","0.7","0","0","0","0.7","","7"
"Cuba"," 2012","0.78","0","0","0","0","0.78","","7"
"Cuba"," 2008","0.75","0","0","0","0","0.75","","7"
"Cyprus"," 2020","0.24","0.34","0.16","0","0","0.74","EUR","4.5"
"Cyprus"," 2018","0.24","0.34","0.16","0","0","0.74","","4.5"
"Cyprus"," 2016","0.26","0.34","0.17","0","0","0.78","","4.2"
"Cyprus"," 2014","0.28","0.34","0.16","0","0","0.77","","4"
"Cyprus"," 2012","0.21","0.4","0.15","0","0","0.76","","3.75"
"Cyprus"," 2010","0.15","0.45","0.13","0","0","0.72","","2.82"
"Cyprus"," 2008","0.15","0.45","0.13","0","0","0.72","","2.82"
"Czechia"," 2020","0.3","0.3","0.17","0","0","0.77","CZK","108"
"Czechia"," 2018","0.31","0.27","0.17","0","0","0.75","","94"
"Czechia"," 2016","0.33","0.27","0.17","0","0","0.77","","84"
"Czechia"," 2014","0.33","0.27","0.17","0","0","0.77","","72"
"Czechia"," 2012","0.33","0.28","0.17","0","0","0.78","","68"
"Czechia"," 2010","0.34","0.28","0.17","0","0","0.79","","63"
"Czechia"," 2008","0.39","0.28","0.16","0","0","0.83","","53"
"Democratic People's Republic of Korea"," 2020","0","0","0","0","0","0","KPW","229"
"Democratic People's Republic of Korea"," 2018","0","0","0","0","0","0","","229"
"Democratic People's Republic of Korea"," 2016","0","0","0","0","0","0","","216.46"
"Democratic People's Republic of Korea"," 2014","0","0","0","0","0","0","","197.1"
"Democratic People's Republic of Korea"," 2008","","","","","","","","20"
"Democratic Republic of the Congo"," 2020","0","0.38","0.14","0","0","0.52","CDF","1000"
"Democratic Republic of the Congo"," 2018","0","0.19","0.14","0.06","0","0.39","","1250"
"Democratic Republic of the Congo"," 2016","0.1","0.05","0.14","0.05","0","0.34","","1060"
"Democratic Republic of the Congo"," 2014","0.14","0.1","0.14","0.1","0","0.48","","750"
"Democratic Republic of the Congo"," 2012","0.13","0.12","0.14","0","0","0.39","","750"
"Democratic Republic of the Congo"," 2010","0.14","0.14","0","0","0","0.28","","700"
"Democratic Republic of the Congo"," 2008","0.15","0.14","0","0","0","0.29","","600"
"Denmark"," 2020","0.57","0.01","0.2","0","0","0.78","DKK","61"
"Denmark"," 2018","0.53","0.01","0.2","0","0","0.74","","44.5"
"Denmark"," 2016","0.54","0.01","0.2","0","0","0.75","","44"
"Denmark"," 2014","0.54","0.01","0.2","0","0","0.75","","44"
"Denmark"," 2012","0.58","0.01","0.2","0","0","0.79","","40"
"Denmark"," 2010","0.34","0.21","0.2","0","0","0.75","","37"
"Denmark"," 2008","0.4","0.14","0.2","0","0","0.73","","32"
"Djibouti"," 2016","0","0.09","0.02","0","0.18","0.29","","200"
"Djibouti"," 2014","0","0.09","0.02","0","0.18","0.29","","200"
"Djibouti"," 2012","0","0.09","0.02","0","0.18","0.29","","200"
"Djibouti"," 2010","0","0.1","0","0","0.16","0.26","","200"
"Djibouti"," 2008","0","0.09","0","0","0.15","0.24","","180"
"Dominica"," 2020","0.1","0","0.13","0","0","0.23","XCD","5"
"Dominica"," 2018","0.11","0","0.13","0","0","0.24","","4.6"
"Dominica"," 2016","0.11","0","0.13","0","0","0.24","","4.3"
"Dominica"," 2014","0.1","0","0.13","0","0","0.23","","4.25"
"Dominica"," 2012","0.1","0","0.13","0","0","0.23","","4.25"
"Dominica"," 2010","0.13","0","0.13","0","0","0.26","","3.5"
"Dominica"," 2008","0.13","0","0.13","0","0","0.26","","3.5"
"Dominican Republic"," 2020","0.18","0.11","0.15","0","0","0.44","DOP","300"
"Dominican Republic"," 2018","0.26","0.1","0.15","0","0","0.51","","200"
"Dominican Republic"," 2016","0.33","0.09","0.15","0","0","0.57","","150"
"Dominican Republic"," 2014","0.27","0.17","0.15","0","0","0.59","","150"
"Dominican Republic"," 2012","0.28","0.17","0.14","0","0","0.59","","130"
"Dominican Republic"," 2010","0.26","0.17","0.14","0","0","0.57","","120"
"Dominican Republic"," 2008","0.26","0.17","0.14","0","0","0.57","","100"
"Ecuador"," 2020","0.56","0","0.11","0","0","0.67","USD","5.7"
"Ecuador"," 2018","0.59","0","0.11","0","0","0.7","","5.4"
"Ecuador"," 2016","0.62","0","0.12","0","0","0.74","","5.2"
"Ecuador"," 2014","0.6","0","0.11","0","0","0.7","","3.1"
"Ecuador"," 2012","0.62","0","0.11","0","0","0.73","","2.6"
"Ecuador"," 2010","0","0.54","0.11","0","0","0.64","","1.7"
"Ecuador"," 2008","0","0.54","0.11","0","0","0.64","","1.7"
"Egypt"," 2020","0.24","0.5","0","0","0.05","0.79","EGP","17"
"Egypt"," 2018","0.22","0.5","0","0","0.05","0.77","","16"
"Egypt"," 2016","0.23","0.5","0","0","0.01","0.74","","10"
"Egypt"," 2014","0.22","0.5","0","0","0.01","0.73","","8"
"Egypt"," 2012","0.21","0.5","0","0","0.02","0.73","","6"
"Egypt"," 2010","0.31","0.4","0","0","0.03","0.74","","4"
"Egypt"," 2008","0.56","0","0","0","0.04","0.59","","2.75"
"El Salvador"," 2020","0.14","0.21","0.12","0","0","0.47","USD","3.17"
"El Salvador"," 2018","0.16","0.2","0.12","0","0","0.48","","2.89"
"El Salvador"," 2016","0.23","0.19","0.12","0","0","0.53","","2"
"El Salvador"," 2014","0.23","0.19","0.12","0","0","0.53","","2"
"El Salvador"," 2012","0.23","0.18","0.12","0","0","0.53","","1.95"
"El Salvador"," 2010","0.26","0.18","0.12","0","0","0.55","","1.75"
"El Salvador"," 2008","0.07","0.23","0.12","0","0","0.41","","1.4"
"Equatorial Guinea"," 2020","0","0.08","0.06","0.1","0","0.24","XAF","500"
"Equatorial Guinea"," 2018","0","0.08","0.07","0.1","0","0.25","","500"
"Equatorial Guinea"," 2016","0","0.1","0.08","0.12","0","0.3","","500"
"Equatorial Guinea"," 2014","0","0.1","0.08","0.12","0","0.31","","500"
"Equatorial Guinea"," 2012","0","0.09","0.07","0.11","0","0.28","","500"
"Equatorial Guinea"," 2010","0","0.07","0.06","0.09","0","0.22","","500"
"Equatorial Guinea"," 2008","0","0.07","0.05","0.08","0","0.21","","500"
"Eritrea"," 2018","0","0.45","0.11","0","0","0.55","","100"
"Eritrea"," 2016","0","0.45","0.11","0","0","0.55","","100"
"Eritrea"," 2014","0","0.45","0.11","0","0","0.55","","60"
"Eritrea"," 2012","0","0.45","0.11","0","0","0.55","","40"
"Eritrea"," 2010","0","0.45","0.11","0","0","0.55","","30"
"Eritrea"," 2008","0","0.45","0.11","0","0","0.55","","25"
"Estonia"," 2020","0.41","0.3","0.17","0","0","0.88","EUR","4"
"Estonia"," 2018","0.4","0.3","0.17","0","0","0.86","","3.5"
"Estonia"," 2016","0.31","0.3","0.17","0","0","0.77","","3.8"
"Estonia"," 2014","0.27","0.34","0.17","0","0","0.77","","3.5"
"Estonia"," 2012","0.27","0.33","0.17","0","0","0.77","","3.1"
"Estonia"," 2010","0.33","0.33","0.17","0","0","0.83","","31.91"
"Estonia"," 2008","0.31","0.31","0.15","0","0","0.77","","32.18"
"Eswatini"," 2020","0.4","0","0.13","0","0","0.54","SZL","43"
"Eswatini"," 2018","0.4","0","0.13","0","0","0.53","","38.4"
"Eswatini"," 2016","0.37","0","0.13","0","0","0.5","","36"
"Eswatini"," 2014","0.33","0","0.13","0","0","0.46","","35"
"Eswatini"," 2010","0.33","0","0.12","0","0","0.45","","27.5"
"Eswatini"," 2008","0.25","0","0.12","0","0","0.37","","27.5"
"Ethiopia"," 2020","0.2","0.21","0.1","0","0","0.51","ETB","40"
"Ethiopia"," 2018","0","0.14","0.05","0","0","0.19","","15"
"Ethiopia"," 2016","0","0.14","0.05","0","0","0.19","","15"
"Ethiopia"," 2014","0","0.14","0.05","0","0","0.19","","15"
"Ethiopia"," 2012","0","0.25","0.09","0","0","0.34","","8"
"Ethiopia"," 2010","0","0.29","0.1","0","0","0.39","","7"
"Ethiopia"," 2008","0","0.19","0.06","0","0","0.25","","4.35"
"Fiji"," 2020","0.29","0","0.08","0","0","0.37","FJD","17.4"
"Fiji"," 2018","0.34","0","0.08","0","0","0.42","","14.2"
"Fiji"," 2016","0.3","0","0.08","0","0","0.39","","12"
"Fiji"," 2014","0.31","0","0.13","0","0","0.44","","7.8"
"Fiji"," 2012","0.28","0","0.13","0","0","0.41","","7.2"
"Fiji"," 2008","0.38","0","0.11","0","0","0.5","","4.6"
"Finland"," 2020","0.17","0.52","0.19","0","0","0.88","EUR","8.65"
"Finland"," 2018","0.16","0.52","0.19","0","0","0.87","","7.22"
"Finland"," 2016","0.14","0.52","0.19","0","0","0.85","","6.12"
"Finland"," 2014","0.1","0.52","0.19","0","0","0.82","","5.47"
"Finland"," 2012","0.09","0.52","0.19","0","0","0.8","","4.89"
"Finland"," 2010","0.08","0.52","0.19","0","0","0.79","","4.32"
"Finland"," 2008","0.07","0.52","0.18","0","0","0.77","","4.07"
"France"," 2020","0.13","0.54","0.17","0","0","0.83","EUR","10"
"France"," 2018","0.15","0.51","0.17","0","0","0.82","","8"
"France"," 2016","0.14","0.5","0.17","0","0","0.8","","7"
"France"," 2014","0.14","0.5","0.17","0","0","0.8","","7"
"France"," 2012","0.09","0.55","0.16","0","0","0.8","","6.2"
"France"," 2010","0.06","0.58","0.16","0","0","0.8","","5.6"
"France"," 2008","0.06","0.58","0.16","0","0","0.8","","5.3"
"Gabon"," 2020","0","0.08","0.05","0.08","0","0.22","XAF","1000"
"Gabon"," 2018","0","0.08","0.05","0.08","0","0.21","","1000"
"Gabon"," 2016","0","0.12","0.05","0.08","0","0.25","","1000"
"Gabon"," 2014","0","0.08","0.05","0.08","0","0.21","","1000"
"Gabon"," 2012","0","0.08","0.05","0.08","0","0.21","","1000"
"Gabon"," 2010","0","0.09","0.04","0.07","0","0.2","","1000"
"Gabon"," 2008","0","0.08","0.04","0.06","0","0.17","","1000"
"Gambia"," 2020","0.36","0","0.07","0.02","0.04","0.49","GMD","70"
"Gambia"," 2018","0.33","0","0.07","0.02","0.05","0.46","","60"
"Gambia"," 2016","0.38","0","0.08","0.02","0.06","0.54","","40"
"Gambia"," 2014","0.3","0","0.07","0.02","0.07","0.46","","30"
"Gambia"," 2012","0.22","0","0.08","0.06","0.02","0.38","","15"
"Gambia"," 2010","0.3","0","0.13","0.1","0.03","0.56","","10"
"Gambia"," 2008","0.3","0","0.12","0.08","0.03","0.52","","10"
"Georgia"," 2020","0.34","0.3","0.15","0.02","0","0.81","GEL","5"
"Georgia"," 2018","0.46","0.1","0.15","0","0","0.71","","3.7"
"Georgia"," 2016","0.44","0.1","0.15","0","0","0.69","","2.5"
"Georgia"," 2014","0.34","0","0.15","0","0","0.49","","2.2"
"Georgia"," 2012","0.32","0","0.15","0","0","0.47","","1.9"
"Georgia"," 2010","0.33","0","0.15","0","0","0.49","","1.8"
"Georgia"," 2008","0.33","0","0.15","0","0","0.49","","1.8"
"Germany"," 2020","0.28","0.22","0.14","0","0","0.64","EUR","7"
"Germany"," 2018","0.31","0.22","0.16","0","0","0.68","","6.4"
"Germany"," 2016","0.33","0.22","0.16","0","0","0.7","","6"
"Germany"," 2014","0.35","0.22","0.16","0","0","0.73","","5.47"
"Germany"," 2012","0.35","0.22","0.16","0","0","0.73","","5.26"
"Germany"," 2010","0.33","0.25","0.16","0","0","0.74","","4.95"
"Germany"," 2008","0.35","0.25","0.16","0","0","0.76","","4.71"
"Ghana"," 2020","0","0.17","0.15","0","0","0.32","GHS","5"
"Ghana"," 2018","0","0.16","0.15","0","0","0.31","","4.99"
"Ghana"," 2016","0","0.13","0.15","0","0","0.28","","4.99"
"Ghana"," 2014","0","0.13","0.15","0","0","0.28","","2.5"
"Ghana"," 2012","0","0.1","0.13","0","0","0.23","","2"
"Ghana"," 2010","0","0.09","0.13","0","0","0.22","","2"
"Ghana"," 2008","0.13","0","0.13","0","0.01","0.27","","1.5"
"Greece"," 2020","0.35","0.26","0.19","0","0","0.81","EUR","4.65"
"Greece"," 2018","0.36","0.26","0.19","0","0","0.81","","4.6"
"Greece"," 2016","0.41","0.2","0.19","0","0","0.81","","4"
"Greece"," 2014","0.41","0.2","0.19","0","0","0.8","","4"
"Greece"," 2012","0.11","0.52","0.19","0","0","0.82","","3.7"
"Greece"," 2010","0.09","0.58","0.19","0","0","0.86","","3.2"
"Greece"," 2008","0.04","0.54","0.16","0","0","0.73","","3"
"Grenada"," 2018","0","0.29","0.13","0","0.02","0.44","","8.9"
"Grenada"," 2016","0","0.32","0.13","0","0.02","0.47","","8.6"
"Grenada"," 2014","0","0.33","0.13","0","0.02","0.48","","7.5"
"Grenada"," 2010","0","0.35","0.13","0","0.02","0.49","","7.5"
"Grenada"," 2008","0","0","0","0.41","0","0.41","","6"
"Guatemala"," 2020","0","0.38","0.11","0","0","0.49","GTQ","20.5"
"Guatemala"," 2018","0","0.38","0.11","0","0","0.49","","20"
"Guatemala"," 2016","0","0.38","0.11","0","0","0.49","","19"
"Guatemala"," 2014","0","0.38","0.11","0","0","0.49","","18"
"Guatemala"," 2012","0","0.38","0.11","0","0","0.49","","14"
"Guatemala"," 2010","0","0.41","0.11","0","0","0.52","","13.59"
"Guatemala"," 2008","0","0.41","0.11","0","0","0.52","","10"
"Guinea"," 2020","0","0.04","0.03","0.03","0","0.1","GNF","5000"
"Guinea"," 2016","0","0.04","0.06","0.05","0.01","0.16","","3500"
"Guinea"," 2012","0","0.03","0.04","0.04","0","0.11","","3000"
"Guinea"," 2010","0","0.03","0.05","0.04","0.01","0.13","","2000"
"Guinea"," 2008","0","0.03","0.04","0.03","0","0.1","","2000"
"Guinea-Bissau"," 2018","0","0.04","0.02","0.01","0","0.07","","500"
"Guinea-Bissau"," 2016","0","0.04","0.02","0.01","0","0.07","","500"
"Guinea-Bissau"," 2014","0","0.03","0.02","0.02","0","0.08","","300"
"Guinea-Bissau"," 2012","0","0.02","0.02","0.01","0","0.06","","300"
"Guinea-Bissau"," 2010","0","0.02","0.02","0.01","0","0.06","","300"
"Guinea-Bissau"," 2008","0","0.02","0.02","0.01","0","0.06","","300"
"Guyana"," 2020","0.13","0","0.12","0","0.02","0.28","GYD","380"
"Guyana"," 2018","0.13","0","0.12","0","0.02","0.28","","380"
"Guyana"," 2016","0","0.11","0.14","0","0","0.25","","350"
"Guyana"," 2014","0","0.11","0.14","0","0","0.25","","300"
"Guyana"," 2012","0","0.11","0.14","0","0","0.25","","300"
"Guyana"," 2010","0","0.11","0.14","0","0","0.25","","300"
"Guyana"," 2008","0","0.14","0.14","0","0","0.28","","240"
"Haiti"," 2016","0","0.08","0.09","0","0.14","0.31","","84"
"Honduras"," 2020","0.18","0","0.15","0.09","0","0.43","HNL","55"
"Honduras"," 2018","0.18","0","0.15","0.08","0","0.42","","50"
"Honduras"," 2016","0.19","0","0.15","0","0","0.34","","44"
"Honduras"," 2014","0.22","0","0.15","0","0","0.37","","36"
"Honduras"," 2012","0.21","0","0.13","0","0","0.34","","33.35"
"Honduras"," 2010","0.26","0","0.13","0","0","0.39","","27"
"Honduras"," 2008","0","0.32","0.13","0","0","0.45","","18"
"Hungary"," 2020","0.29","0.23","0.21","0","0","0.73","HUF","1485"
"Hungary"," 2018","0.26","0.25","0.21","0","0","0.72","","1245"
"Hungary"," 2016","0.27","0.25","0.21","0","0","0.74","","1152.01"
"Hungary"," 2014","0.25","0.31","0.21","0","0","0.77","","1000"
"Hungary"," 2012","0.31","0.31","0.21","0","0","0.84","","757.89"
"Hungary"," 2010","0.31","0.28","0.2","0","0","0.79","","610.53"
"Hungary"," 2008","0.29","0.28","0.17","0","0","0.74","","568.42"
"Iceland"," 2020","0.36","0","0.19","0","0","0.55","ISK","1449"
"Iceland"," 2018","0.36","0","0.19","0","0","0.55","","1359"
"Iceland"," 2016","0.36","0","0.19","0","0","0.56","","1271"
"Iceland"," 2014","0.36","0","0.2","0","0","0.56","","1219"
"Iceland"," 2012","0.37","0","0.2","0","0","0.57","","998"
"Iceland"," 2010","0.36","0","0.2","0","0","0.56","","900"
"Iceland"," 2008","0.39","0","0.2","0","0","0.58","","665"
"India"," 2020","0.29","0.02","0.22","0","0.05","0.58","INR","190"
"India"," 2018","0.29","0.02","0.22","0","0.01","0.54","","190"
"India"," 2016","0.36","0","0.17","0","0","0.53","","158"
"India"," 2014","0.24","0","0.17","0","0.01","0.41","","138"
"India"," 2012","0.24","0","0.17","0","0.01","0.42","","98"
"India"," 2010","0.28","0","0.17","0","0.01","0.45","","70"
"India"," 2008","0.28","0","0.17","0","0.01","0.46","","58"
"Indonesia"," 2020","0.48","0","0.09","0","0.05","0.62","IDR","30625"
"Indonesia"," 2018","0.4","0","0.09","0","0.04","0.53","","29466.25"
"Indonesia"," 2016","0.44","0","0.09","0","0.04","0.57","","21666.67"
"Indonesia"," 2014","0.41","0","0.08","0","0.04","0.53","","18333.33"
"Indonesia"," 2012","0.43","0","0.08","0","0","0.51","","16666.67"
"Indonesia"," 2010","0.46","0","0.08","0","0","0.54","","13125"
"Indonesia"," 2008","0.06","0.39","0.08","0","0","0.53","","12500"
"Iran (Islamic Republic of)"," 2020","0","0.09","0.04","0","0.02","0.16","IRR","180000"
"Iran (Islamic Republic of)"," 2018","0.03","0.06","0.07","0","0.03","0.2","","45000"
"Iran (Islamic Republic of)"," 2016","0.11","0","0.07","0","0.16","0.35","","18000"
"Iran (Islamic Republic of)"," 2014","0","0","0.03","0","0.08","0.11","","15000"
"Iran (Islamic Republic of)"," 2012","0","0","0.02","0","0.01","0.03","","12000"
"Iran (Islamic Republic of)"," 2010","0","0","0.02","0","0.01","0.03","","4739"
"Iran (Islamic Republic of)"," 2008","0","0","0.02","0","0.01","0.03","","4739"
"Iraq"," 2020","0","0","0","0.08","0","0.08","IQD","500"
"Iraq"," 2018","0","0","0","0.08","0","0.08","","500"
"Iraq"," 2016","0","0","0","0.06","0","0.06","","500"
"Iraq"," 2014","0","0","0","0.06","0","0.06","","500"
"Iraq"," 2012","0","0","0","0.01","0","0.01","","500"
"Iraq"," 2010","0","0","0","0.01","0","0.01","","500"
"Iraq"," 2008","0","0","0","0.01","0","0.01","","500"
"Ireland"," 2020","0.51","0.09","0.19","0","0","0.79","EUR","13.5"
"Ireland"," 2018","0.51","0.09","0.19","0","0","0.78","","12.2"
"Ireland"," 2016","0.5","0.09","0.19","0","0","0.78","","10.8"
"Ireland"," 2014","0.5","0.09","0.19","0","0","0.78","","9.6"
"Ireland"," 2012","0.51","0.09","0.19","0","0","0.79","","9.1"
"Ireland"," 2010","0.43","0.18","0.17","0","0","0.79","","8.55"
"Ireland"," 2008","0.44","0.18","0.18","0","0","0.8","","8.05"
"Israel"," 2020","0.29","0.39","0.15","0","0","0.83","ILS","34"
"Israel"," 2018","0.22","0.39","0.15","0","0","0.76","","36"
"Israel"," 2016","0.22","0.39","0.15","0","0","0.76","","35.6"
"Israel"," 2014","0.27","0.39","0.15","0","0","0.81","","30"
"Israel"," 2012","0.24","0.39","0.14","0","0","0.77","","23"
"Israel"," 2010","0.2","0.38","0.14","0","0","0.72","","21"
"Israel"," 2008","0.05","0.54","0.13","0","0","0.72","","19"
"Italy"," 2020","0.07","0.51","0.18","0","0","0.77","EUR","5.9"
"Italy"," 2018","0.07","0.51","0.18","0","0","0.76","","5.5"
"Italy"," 2016","0.07","0.51","0.18","0","0","0.76","","5.2"
"Italy"," 2014","0.05","0.52","0.18","0","0","0.76","","5"
"Italy"," 2012","0.04","0.54","0.17","0","0","0.75","","5"
"Italy"," 2010","0.04","0.55","0.17","0","0","0.75","","3.7"
"Italy"," 2008","0.04","0.55","0.17","0","0","0.75","","3.6"
"Jamaica"," 2020","0.28","0","0.13","0","0.02","0.43","JMD","1219"
"Jamaica"," 2018","0.28","0","0.14","0","0.02","0.44","","1223"
"Jamaica"," 2016","0.28","0","0.14","0","0.02","0.44","","990.3"
"Jamaica"," 2014","0.26","0","0.14","0","0.03","0.43","","800"
"Jamaica"," 2012","0.32","0","0.14","0","0","0.46","","660"
"Jamaica"," 2010","0.36","0","0.15","0","0","0.51","","580"
"Jamaica"," 2008","0.3","0","0.14","0","0","0.44","","404.95"
"Japan"," 2020","0.52","0","0.09","0","0","0.61","JPY","510"
"Japan"," 2018","0.56","0","0.07","0","0","0.63","","440"
"Japan"," 2016","0.56","0","0.07","0","0","0.63","","440"
"Japan"," 2014","0.57","0","0.07","0","0","0.64","","430"
"Japan"," 2012","0.56","0","0.05","0","0.04","0.64","","410"
"Japan"," 2010","0.53","0","0.05","0","0.05","0.63","","300"
"Japan"," 2008","0.53","0","0.05","0","0.05","0.63","","300"
"Jordan"," 2020","0.64","0","0.14","0","0","0.78","JOD","2.25"
"Jordan"," 2018","0.67","0","0.14","0","0","0.81","","2"
"Jordan"," 2016","0.69","0","0.14","0","0","0.83","","1.3"
"Jordan"," 2014","0.7","0","0.14","0","0","0.83","","1.2"
"Jordan"," 2012","0.29","0.34","0.14","0","0","0.77","","1.1"
"Jordan"," 2010","0.34","0.32","0.14","0","0","0.8","","0.95"
"Jordan"," 2008","0.35","0.26","0.14","0","0.02","0.77","","0.85"
"Kazakhstan"," 2020","0.45","0","0.11","0","0","0.56","KZT","440"
"Kazakhstan"," 2018","0.42","0","0.11","0","0","0.52","","360"
"Kazakhstan"," 2016","0.34","0","0.11","0","0","0.45","","290"
"Kazakhstan"," 2014","0.29","0","0.11","0","0","0.39","","210"
"Kazakhstan"," 2012","0.19","0","0.11","0","0","0.3","","130"
"Kazakhstan"," 2010","0.16","0","0.11","0","0","0.27","","100"
"Kazakhstan"," 2008","0.09","0","0.11","0","0","0.2","","90"
"Kenya"," 2020","0.25","0","0.14","0","0","0.39","KES","250"
"Kenya"," 2018","0.38","0","0.14","0","0","0.52","","130"
"Kenya"," 2016","0.38","0","0.14","0","0","0.52","","130"
"Kenya"," 2014","0","0.35","0.14","0","0","0.49","","100"
"Kenya"," 2012","0","0.35","0.14","0","0","0.49","","90"
"Kenya"," 2010","0.5","0","0.14","0","0","0.64","","100"
"Kenya"," 2008","0.63","0","0.14","0","0","0.76","","80"
"Kiribati"," 2020","0.35","0","0.06","0","0","0.41","AUD","6"
"Kiribati"," 2018","0.35","0","0.07","0","0","0.42","","6"
"Kiribati"," 2016","0.35","0","0.07","0","0","0.42","","6"
"Kiribati"," 2014","0.44","0","0.05","0","0","0.49","","4.8"
"Kiribati"," 2012","0","0","0","0.52","0","0.52","","4.8"
"Kiribati"," 2010","0","0","0","0.63","0","0.63","","6.4"
"Kiribati"," 2008","0","0","0","0.5","0","0.5","","6.4"
"Kuwait"," 2020","0","0","0","0.19","0","0.19","KWD","0.85"
"Kuwait"," 2018","0","0","0","0.21","0","0.21","","0.85"
"Kuwait"," 2016","0","0","0","0.25","0","0.25","","0.75"
"Kuwait"," 2014","0","0","0","0.24","0","0.24","","0.75"
"Kuwait"," 2012","0","0","0","0.29","0","0.29","","0.65"
"Kuwait"," 2010","0","0","0","0.36","0","0.36","","0.47"
"Kuwait"," 2008","0","0","0","0.36","0","0.36","","0.47"
"Kyrgyzstan"," 2020","0.42","0","0.11","0","0","0.53","KGS","83"
"Kyrgyzstan"," 2018","0.38","0","0.11","0","0","0.49","","66"
"Kyrgyzstan"," 2016","0.27","0","0.11","0","0.01","0.39","","55"
"Kyrgyzstan"," 2014","0.16","0.08","0.11","0.04","0","0.39","","35"
"Kyrgyzstan"," 2012","0.08","0.08","0.11","0.05","0","0.32","","24"
"Kyrgyzstan"," 2010","0.08","0","0.11","0.07","0","0.26","","23"
"Kyrgyzstan"," 2008","0.15","0","0.17","0.06","0","0.38","","22"
"Lao People's Democratic Republic"," 2020","0","0.03","0.09","0","0","0.12","LAK","7000"
"Lao People's Democratic Republic"," 2018","0.07","0.03","0.09","0","0","0.19","","7000"
"Lao People's Democratic Republic"," 2016","0.07","0.02","0.09","0","0.01","0.18","","7000"
"Lao People's Democratic Republic"," 2014","0.06","0.01","0.09","0","0","0.17","","8000"
"Lao People's Democratic Republic"," 2012","0.08","0.02","0.09","0","0.01","0.2","","6000"
"Lao People's Democratic Republic"," 2010","0.02","0.02","0.09","0","0.01","0.14","","5000"
"Lao People's Democratic Republic"," 2008","0","0.02","0.09","0","0.01","0.12","","5000"
"Latvia"," 2020","0.43","0.2","0.17","0","0","0.8","EUR","3.7"
"Latvia"," 2018","0.43","0.2","0.17","0","0","0.8","","3.5"
"Latvia"," 2016","0.37","0.25","0.17","0","0","0.8","","3"
"Latvia"," 2014","0.35","0.25","0.17","0","0","0.77","","3"
"Latvia"," 2012","0.28","0.34","0.17","0","0","0.79","","1.8"
"Latvia"," 2010","0.3","0.35","0.17","0","0","0.81","","1.52"
"Latvia"," 2008","0.24","0.32","0.15","0","0","0.72","","1.48"
"Lebanon"," 2020","0","0","0.1","0","0","0.1","LBP","2500"
"Lebanon"," 2018","0","0","0.09","0","0","0.09","","1000"
"Lebanon"," 2016","0","0.31","0.09","0.01","0","0.41","","3250"
"Lebanon"," 2014","0","0.33","0.09","0.02","0","0.43","","3250"
"Lebanon"," 2012","0","0.33","0.09","0.02","0","0.43","","2750"
"Lebanon"," 2010","0","0.37","0.09","0.02","0","0.47","","2250"
"Lebanon"," 2008","0","0.33","0.09","0.02","0","0.44","","2000"
"Lesotho"," 2020","0.38","0","0.13","0","0","0.51","LSL","46.35"
"Lesotho"," 2018","0.38","0","0.13","0","0","0.51","","41"
"Lesotho"," 2014","0.33","0","0.13","0","0","0.46","","34.99"
"Lesotho"," 2012","0.32","0","0.13","0","0","0.45","","32"
"Lesotho"," 2010","0.32","0","0.13","0","0","0.45","","28"
"Lesotho"," 2008","0.16","0","0.13","0","0","0.29","","22"
"Liberia"," 2020","0.28","0.18","0.09","0.01","0","0.57","LRD","280"
"Liberia"," 2018","0","0.24","0.09","0.01","0","0.35","","120"
"Liberia"," 2016","0","0.15","0.07","0.02","0","0.23","","60"
"Liberia"," 2014","0","0.14","0.07","0.02","0","0.23","","60"
"Liberia"," 2012","0","0.12","0.07","0.02","0","0.2","","65"
"Liberia"," 2010","0","0.11","0.07","0.02","0","0.19","","50"
"Liberia"," 2008","0","0.04","0.07","0.02","0","0.12","","50"
"Libya"," 2020","0","0","0.01","0.02","0.06","0.09","LYD","3.5"
"Libya"," 2018","0","0","0.01","0.03","0.09","0.13","","2.5"
"Libya"," 2016","0","0","0.01","0.04","0.11","0.16","","2"
"Libya"," 2014","0","0","0.01","0","0.07","0.08","","3"
"Libya"," 2012","0","0","0.01","0","0.15","0.16","","1.5"
"Libya"," 2010","0","0","0.01","0","0.22","0.23","","1"
"Libya"," 2008","0","0","0.02","0","0.22","0.24","","1"
"Lithuania"," 2020","0.32","0.25","0.17","0","0","0.74","EUR","4.15"
"Lithuania"," 2018","0.31","0.25","0.17","0","0","0.74","","3.75"
"Lithuania"," 2016","0.33","0.25","0.17","0","0","0.75","","3.1"
"Lithuania"," 2014","0.33","0.25","0.17","0","0","0.76","","9.4"
"Lithuania"," 2012","0.33","0.25","0.17","0","0","0.75","","8.5"
"Lithuania"," 2010","0.35","0.25","0.17","0","0","0.77","","7.6"
"Lithuania"," 2008","0.32","0.2","0.16","0","0","0.68","","5"
"Luxembourg"," 2020","0.07","0.47","0.15","0","0","0.68","EUR","5.4"
"Luxembourg"," 2018","0.07","0.47","0.15","0","0","0.68","","5.3"
"Luxembourg"," 2016","0.07","0.47","0.17","0","0","0.71","","5.2"
"Luxembourg"," 2014","0.07","0.48","0.15","0","0","0.7","","5"
"Luxembourg"," 2012","0.08","0.48","0.15","0","0","0.71","","4.6"
"Luxembourg"," 2010","0.09","0.48","0.13","0","0","0.7","","3.68"
"Luxembourg"," 2008","0.1","0.47","0.13","0","0","0.7","","3.2"
"Madagascar"," 2020","0","0.64","0.17","0","0","0.8","MGA","4000"
"Madagascar"," 2018","0","0.64","0.17","0","0","0.8","","4000"
"Madagascar"," 2016","0","0.64","0.17","0","0","0.8","","4000"
"Madagascar"," 2014","0","0.64","0.17","0","0","0.8","","3000"
"Madagascar"," 2012","0","0.59","0.17","0","0","0.76","","2000"
"Madagascar"," 2010","0","0.59","0.17","0","0","0.76","","2000"
"Madagascar"," 2008","0","0.5","0.17","0","0","0.67","","1400"
"Malawi"," 2020","0.42","0","0.14","0","0","0.56","MWK","530"
"Malawi"," 2014","0.15","0","0.04","0.02","0","0.21","","800"
"Malawi"," 2012","0.2","0","0.04","0.01","0","0.26","","500"
"Malawi"," 2008","0.37","0","0.09","0.03","0","0.49","","150"
"Malaysia"," 2020","0.46","0","0.05","0","0","0.51","MYR","17.4"
"Malaysia"," 2018","0.47","0","0.06","0.06","0","0.59","","17"
"Malaysia"," 2016","0.47","0","0.06","0","0","0.53","","17"
"Malaysia"," 2014","0.42","0.09","0.05","0","0","0.55","","12"
"Malaysia"," 2012","0.44","0.09","0.05","0","0","0.57","","10"
"Malaysia"," 2010","0.38","0.1","0.05","0","0","0.52","","10"
"Malaysia"," 2008","0.4","0.09","0.05","0","0","0.54","","9"
"Maldives"," 2020","0","0","0.06","0.6","0","0.66","MVR","100"
"Maldives"," 2018","0","0","0.06","0.63","0","0.69","","68"
"Maldives"," 2016","0","0","0","0.53","0","0.53","","47"
"Maldives"," 2014","0","0","0","0.66","0","0.66","","38"
"Maldives"," 2012","0","0","0","0.49","0","0.49","","37"
"Maldives"," 2010","0","0","0","0.32","0","0.32","","19"
"Maldives"," 2008","0","0","0","0.3","0","0.3","","19"
"Mali"," 2020","0","0.11","0.09","0.07","0.01","0.28","XOF","800"
"Mali"," 2018","0","0.11","0.09","0.07","0.01","0.28","","800"
"Mali"," 2016","0","0.11","0.09","0.07","0.01","0.28","","800"
"Mali"," 2014","0","0.1","0.1","0.07","0.01","0.28","","700"
"Mali"," 2012","0","0.1","0.1","0.07","0.01","0.28","","700"
"Mali"," 2010","0","0.07","0.07","0.05","0.02","0.22","","700"
"Mali"," 2008","0","0.06","0.06","0.04","0.02","0.17","","700"
"Malta"," 2020","0.39","0.23","0.15","0","0","0.78","EUR","5.5"
"Malta"," 2018","0.39","0.23","0.15","0","0","0.78","","5.5"
"Malta"," 2016","0.38","0.25","0.15","0","0","0.78","","5.3"
"Malta"," 2014","0.34","0.25","0.15","0","0","0.75","","4.8"
"Malta"," 2012","0.37","0.25","0.15","0","0","0.77","","4.2"
"Malta"," 2010","0.11","0.5","0.15","0","0","0.76","","4"
"Malta"," 2008","0.12","0.49","0.15","0","0","0.76","","3.59"
"Marshall Islands"," 2020","0","0","0.04","0.4","0.1","0.54","USD","2.5"
"Marshall Islands"," 2018","0","0","0.04","0.4","0.1","0.54","","2.5"
"Marshall Islands"," 2016","0","0","0.04","0.4","0.1","0.54","","2.5"
"Marshall Islands"," 2014","0","0","0.04","0.47","0.12","0.63","","2.14"
"Marshall Islands"," 2012","0","0","0.04","0.29","0.07","0.4","","3.5"
"Marshall Islands"," 2010","0","0","0.04","0.36","0.09","0.49","","2.75"
"Marshall Islands"," 2008","0","0","0.04","0.4","0.1","0.54","","2.5"
"Mauritania"," 2020","0","0.02","0.02","0.01","0.01","0.06","MRU","40"
"Mauritania"," 2018","0","0.05","0.02","0.02","0.01","0.1","","40"
"Mauritania"," 2016","0","0.04","0.03","0.02","0.01","0.1","","300"
"Mauritania"," 2014","0","0.03","0.02","0.01","0","0.07","","500"
"Mauritania"," 2012","0","0","0.02","0.02","0","0.04","","400"
"Mauritania"," 2010","0","0","0.02","0.05","0","0.07","","400"
"Mauritania"," 2008","0","0","0.03","0.06","0","0.09","","350"
"Mauritius"," 2020","0.68","0","0.13","0","0","0.81","MUR","150"
"Mauritius"," 2018","0.7","0","0.13","0","0","0.84","","145"
"Mauritius"," 2016","0.57","0","0.13","0","0","0.7","","130"
"Mauritius"," 2014","0.59","0","0.13","0","0","0.73","","125"
"Mauritius"," 2012","0.6","0","0.13","0","0","0.73","","105"
"Mauritius"," 2010","0.59","0","0.13","0","0","0.72","","75"
"Mauritius"," 2008","0.68","0","0.13","0","0","0.81","","65"
"Mexico"," 2020","0.15","0.38","0.14","0","0","0.68","MXN","66"
"Mexico"," 2018","0.14","0.39","0.14","0","0","0.67","","50"
"Mexico"," 2016","0.15","0.39","0.14","0","0","0.67","","47.39"
"Mexico"," 2014","0.16","0.38","0.14","0","0","0.68","","45"
"Mexico"," 2012","0.18","0.37","0.14","0","0","0.68","","40"
"Mexico"," 2010","0.03","0.46","0.14","0","0","0.63","","30"
"Mexico"," 2008","0","0.48","0.13","0","0","0.61","","28"
"Micronesia (Federated States of)"," 2020","0","0","0.2","0.27","0","0.47","USD","3.75"
"Micronesia (Federated States of)"," 2018","0","0","0.2","0.29","0","0.49","","3.5"
"Micronesia (Federated States of)"," 2016","0","0","0.2","0.4","0","0.6","","2.5"
"Micronesia (Federated States of)"," 2014","0","0","0.2","0.38","0","0.58","","2.12"
"Micronesia (Federated States of)"," 2012","0","0","0.2","0.4","0","0.6","","2"
"Micronesia (Federated States of)"," 2010","0","0","0.2","0.47","0","0.67","","1.5"
"Micronesia (Federated States of)"," 2008","0","0","0.2","0.47","0","0.67","","1.5"
"Monaco"," 2020","","","","","","","EUR","10"
"Monaco"," 2010","0","0","0","0","0","0","","5.6"
"Mongolia"," 2020","0.36","0","0.09","0","0","0.45","MNT","2300"
"Mongolia"," 2018","0.38","0","0.09","0","0","0.47","","2000"
"Mongolia"," 2016","0.41","0","0.09","0.03","0","0.53","","1700"
"Mongolia"," 2014","0.56","0","0.09","0.02","0","0.67","","1600"
"Mongolia"," 2012","0.4","0","0.09","0","0","0.49","","800"
"Mongolia"," 2010","0.41","0","0.09","0","0","0.5","","800"
"Mongolia"," 2008","0.3","0","0.09","0","0","0.4","","500"
"Montenegro"," 2020","0.29","0.31","0.17","0","0","0.77","EUR","2.3"
"Montenegro"," 2018","0.32","0.32","0.17","0","0","0.81","","2.5"
"Montenegro"," 2016","0.26","0.33","0.16","0","0","0.75","","1.7"
"Montenegro"," 2014","0.27","0.35","0.16","0","0","0.78","","1.3"
"Montenegro"," 2012","0.3","0.36","0.15","0","0","0.81","","1"
"Montenegro"," 2010","0.15","0.35","0.15","0","0","0.65","","0.65"
"Montenegro"," 2008","0.04","0.26","0.15","0","0","0.45","","0.5"
"Morocco"," 2020","0.44","0.16","0.16","0","0","0.76","MAD","21"
"Morocco"," 2018","0.45","0.1","0.15","0","0","0.71","","20.5"
"Morocco"," 2016","0.45","0.1","0.15","0","0","0.71","","20.5"
"Morocco"," 2014","0.34","0.21","0.15","0","0.01","0.7","","19.5"
"Morocco"," 2012","0","0.51","0.16","0","0.01","0.68","","17.5"
"Morocco"," 2010","0","0.5","0.16","0","0.01","0.66","","17.5"
"Morocco"," 2008","0","0.5","0.16","0","0.01","0.66","","17.5"
"Mozambique"," 2020","0.14","0","0.15","0","0","0.29","MZN","60"
"Mozambique"," 2018","0.14","0","0.15","0","0","0.29","","50"
"Mozambique"," 2016","0.17","0","0.15","0","0","0.31","","35"
"Mozambique"," 2014","0.16","0","0.15","0","0","0.31","","30"
"Mozambique"," 2012","0.1","0","0.15","0","0","0.24","","25"
"Mozambique"," 2010","0.12","0","0.15","0","0","0.27","","20"
"Mozambique"," 2008","0","0.34","0.15","0","0","0.48","","15"
"Myanmar"," 2020","0","0.5","0","0","0","0.5","MMK","1250"
"Myanmar"," 2018","0.33","0","0","0","0","0.33","","800"
"Myanmar"," 2016","0.35","0","0","0","0","0.35","","850"
"Myanmar"," 2014","0","0.5","0","0","0","0.5","","650"
"Myanmar"," 2012","0","0.5","0","0","0","0.5","","650"
"Myanmar"," 2010","0","0.25","0","0","0","0.25","","650"
"Myanmar"," 2008","0","0.25","0","0","0","0.25","","1050"
"Namibia"," 2020","0.29","0","0.13","0","0","0.42","NAD","60"
"Namibia"," 2018","0.31","0","0.13","0","0","0.44","","50"
"Namibia"," 2016","0.3","0","0.13","0","0","0.43","","44"
"Namibia"," 2014","0.29","0","0.13","0","0","0.42","","40"
"Namibia"," 2012","0.35","0","0.13","0","0","0.48","","29.49"
"Namibia"," 2010","0.33","0","0.13","0","0","0.46","","26.95"
"Namibia"," 2008","0.3","0","0.13","0","0","0.43","","23"
"Nauru"," 2020","0","0","0","0.42","0","0.42","AUD","18"
"Nauru"," 2018","0","0","0","0.48","0","0.48","","13"
"Nauru"," 2016","0","0","0","0.51","0","0.51","","11"
"Nauru"," 2010","0","0","0","0.42","0","0.42","","4.96"
"Nauru"," 2008","0","0","0","0.41","0","0.41","","4.4"
"Nepal"," 2020","0.14","0","0.12","0","0.02","0.27","NPR","280"
"Nepal"," 2018","0.16","0","0.12","0","0.02","0.3","","216"
"Nepal"," 2016","0.15","0","0.12","0","0","0.26","","180"
"Nepal"," 2014","0.16","0","0.12","0","0","0.28","","132"
"Nepal"," 2012","0.18","0","0.12","0","0","0.3","","95"
"Nepal"," 2010","0.17","0","0.12","0","0","0.29","","85"
"Nepal"," 2008","0.13","0","0.12","0","0","0.24","","65"
"Netherlands"," 2020","0.55","0.05","0.17","0","0","0.77","EUR","8"
"Netherlands"," 2018","0.49","0.05","0.17","0","0","0.72","","7"
"Netherlands"," 2016","0.54","0.01","0.17","0","0","0.72","","6.63"
"Netherlands"," 2014","0.55","0.01","0.17","0","0","0.73","","6.32"
"Netherlands"," 2012","0.49","0.08","0.16","0","0","0.72","","5.68"
"Netherlands"," 2010","0.36","0.21","0.16","0","0","0.73","","5.05"
"Netherlands"," 2008","0.37","0.21","0.16","0","0","0.74","","4.74"
"New Zealand"," 2020","0.69","0","0.13","0","0","0.82","NZD","29.9"
"New Zealand"," 2018","0.69","0","0.13","0","0","0.82","","23.9"
"New Zealand"," 2016","0.62","0","0.13","0","0","0.75","","21.6"
"New Zealand"," 2014","0.64","0","0.13","0","0","0.77","","17"
"New Zealand"," 2012","0.61","0","0.13","0","0","0.74","","14.5"
"New Zealand"," 2010","0.69","0","0.11","0","0","0.8","","10"
"New Zealand"," 2008","0.59","0","0.11","0","0","0.7","","10"
"Nicaragua"," 2020","0.56","0","0.13","0","0","0.69","NIO","122.5"
"Nicaragua"," 2018","0.27","0","0.13","0","0","0.4","","45"
"Nicaragua"," 2016","0.22","0","0.13","0","0","0.35","","50"
"Nicaragua"," 2014","0.19","0","0.13","0","0","0.32","","39"
"Nicaragua"," 2012","0.16","0","0.13","0","0","0.29","","28"
"Nicaragua"," 2010","0.16","0","0.13","0","0","0.29","","27.95"
"Nicaragua"," 2008","0","0.07","0.13","0","0","0.2","","21"
"Niger"," 2020","0","0.15","0.16","0","0.01","0.32","XOF","500"
"Niger"," 2018","0","0.14","0.16","0","0.01","0.31","","500"
"Niger"," 2016","0","0.18","0.16","0","0.01","0.35","","500"
"Niger"," 2014","0","0.11","0.16","0","0.01","0.28","","500"
"Niger"," 2012","0","0.14","0.16","0","0.01","0.31","","400"
"Niger"," 2010","0","0.13","0.16","0","0.01","0.3","","400"
"Niger"," 2008","0","0.11","0.16","0","0.01","0.28","","400"
"Nigeria"," 2020","0.15","0.16","0.07","0","0","0.37","NGN","400"
"Nigeria"," 2018","0.09","0.16","0.05","0","0","0.3","","220"
"Nigeria"," 2016","0","0.16","0.05","0","0","0.21","","220"
"Nigeria"," 2014","0","0.16","0.05","0","0","0.21","","220"
"Nigeria"," 2012","0","0.16","0.05","0","0","0.21","","200"
"Nigeria"," 2010","0","0.16","0.05","0","0","0.21","","200"
"Nigeria"," 2008","0","0.16","0.05","0","0","0.21","","180"
"Niue"," 2020","0","0","0.11","0.46","0.01","0.58","NZD","24"
"Niue"," 2018","0","0","0.11","0.72","0.04","0.88","","24"
"Niue"," 2016","0","0","0.11","0.58","0.15","0.84","","13"
"Niue"," 2014","0","0","0.11","0.63","0.08","0.82","","12"
"Niue"," 2012","0","0","0.11","0.47","0.08","0.67","","12"
"Niue"," 2010","0","0","0.11","0.42","0.1","0.63","","10"
"Niue"," 2008","0","0","0.11","0.52","0.13","0.76","","8"
"Norway"," 2020","0.42","0","0.2","0","0","0.62","NOK","129"
"Norway"," 2018","0.44","0","0.2","0","0","0.64","","117.8"
"Norway"," 2016","0.46","0","0.2","0","0","0.66","","108.6"
"Norway"," 2014","0.49","0","0.2","0","0","0.69","","97.9"
"Norway"," 2012","0.53","0","0.2","0","0","0.73","","87.5"
"Norway"," 2010","0.52","0","0.2","0","0","0.72","","81"
"Norway"," 2008","0.53","0","0.2","0","0","0.73","","71"
"occupied Palestinian territory, including east Jerusalem"," 2020","0.45","0.34","0.14","0","0","0.93","ILS","22"
"occupied Palestinian territory, including east Jerusalem"," 2018","0.36","0.34","0.14","0","0","0.83","","22"
"occupied Palestinian territory, including east Jerusalem"," 2016","0.36","0.33","0.14","0","0","0.83","","22"
"occupied Palestinian territory, including east Jerusalem"," 2014","0.36","0.33","0.14","0","0","0.83","","22"
"occupied Palestinian territory, including east Jerusalem"," 2012","0.31","0.39","0.13","0","0","0.83","","18"
"occupied Palestinian territory, including east Jerusalem"," 2010","0.29","0.36","0.13","0","0","0.78","","15"
"occupied Palestinian territory, including east Jerusalem"," 2008","","","","","","","","8"
"Oman"," 2020","0","0.5","0","0.14","0","0.64","OMR","2.2"
"Oman"," 2018","0","0","0","0.25","0","0.25","","1.2"
"Oman"," 2016","0","0","0","0.2","0","0.2","","1"
"Oman"," 2014","0","0","0","0.22","0","0.22","","0.9"
"Oman"," 2012","0","0","0","0.22","0","0.22","","0.9"
"Oman"," 2010","0","0","0","0.31","0","0.31","","0.65"
"Oman"," 2008","0","0","0","0.33","0","0.33","","0.6"
"Pakistan"," 2020","0.41","0","0.15","0","0.05","0.61","PKR","80"
"Pakistan"," 2018","0.36","0","0.15","0","0.06","0.56","","48"
"Pakistan"," 2016","0.46","0","0.15","0","0.04","0.65","","67"
"Pakistan"," 2014","0.46","0","0.15","0","0","0.61","","47"
"Pakistan"," 2012","0.43","0.04","0.14","0","0","0.6","","33"
"Pakistan"," 2010","0.37","0.03","0.15","0","0.01","0.55","","28.1"
"Pakistan"," 2008","0.34","0.04","0.14","0","0","0.52","","18.4"
"Palau"," 2020","0.71","0","0","0","0","0.71","USD","7"
"Palau"," 2018","0.73","0","0","0","0","0.73","","6.85"
"Palau"," 2016","0.74","0","0","0","0","0.74","","6.75"
"Palau"," 2014","0.67","0","0","0","0","0.67","","5.25"
"Palau"," 2012","0","0","0","0.57","0","0.57","","3.5"
"Palau"," 2010","0","0","0","0.57","0","0.57","","3.5"
"Palau"," 2008","0","0","0","0.57","0","0.57","","3.5"
"Panama"," 2020","0","0.43","0.13","0","0","0.57","PAB","4"
"Panama"," 2018","0","0.43","0.13","0","0","0.57","","4.5"
"Panama"," 2016","0","0.43","0.13","0","0","0.57","","4.25"
"Panama"," 2014","0","0.43","0.13","0","0","0.57","","4.25"
"Panama"," 2012","0","0.43","0.13","0","0","0.57","","3.73"
"Panama"," 2010","0.46","0","0.13","0","0","0.59","","3.25"
"Panama"," 2008","0","0.21","0.13","0.02","0","0.37","","1.96"
"Papua New Guinea"," 2020","0.44","0","0.09","0","0","0.53","PGK","20"
"Papua New Guinea"," 2018","0.45","0","0.09","0","0","0.54","","18.6"
"Papua New Guinea"," 2016","0.28","0","0.09","0","0","0.37","","21.6"
"Papua New Guinea"," 2014","0.26","0","0.09","0","0","0.36","","16"
"Papua New Guinea"," 2012","0.28","0","0.09","0","0","0.37","","14.96"
"Papua New Guinea"," 2008","0.33","0","0.09","0","0","0.42","","9.01"
"Paraguay"," 2020","0","0.09","0.09","0","0","0.18","PYG","2150"
"Paraguay"," 2018","0","0.08","0.09","0","0","0.17","","2000"
"Paraguay"," 2016","0","0.08","0.09","0","0","0.17","","2000"
"Paraguay"," 2014","0","0.07","0.09","0","0","0.16","","1500"
"Paraguay"," 2012","0","0.08","0.09","0","0","0.17","","1500"
"Paraguay"," 2010","0","0.06","0.09","0","0","0.16","","1300"
"Paraguay"," 2008","0","0.06","0.09","0","0","0.16","","1000"
"Peru"," 2020","0.52","0","0.15","0","0","0.68","PEN","12.2"
"Peru"," 2018","0.34","0","0.15","0","0","0.49","","16"
"Peru"," 2016","0.34","0","0.15","0","0","0.5","","10.5"
"Peru"," 2014","0.23","0","0.15","0","0","0.38","","6.2"
"Peru"," 2012","0.27","0","0.15","0","0","0.42","","5.2"
"Peru"," 2010","0.31","0","0.16","0","0","0.47","","4.5"
"Peru"," 2008","0","0.25","0.16","0","0","0.41","","4"
"Philippines"," 2020","0.45","0","0.11","0","0","0.56","PHP","100"
"Philippines"," 2018","0.61","0","0.11","0","0","0.71","","57.75"
"Philippines"," 2016","0.52","0","0.11","0","0","0.63","","40.5"
"Philippines"," 2014","0.64","0","0.11","0","0","0.74","","26.75"
"Philippines"," 2012","0.18","0","0.11","0","0","0.29","","15"
"Philippines"," 2010","0.18","0","0.11","0","0","0.28","","13.95"
"Philippines"," 2008","0.18","0","0.11","0","0","0.29","","12.23"
"Poland"," 2020","0.28","0.32","0.19","0","0","0.78","PLN","16.5"
"Poland"," 2018","0.27","0.31","0.19","0","0","0.77","","15.5"
"Poland"," 2016","0.28","0.31","0.19","0","0","0.78","","14.7"
"Poland"," 2014","0.3","0.31","0.19","0","0","0.8","","13.7"
"Poland"," 2012","0.29","0.31","0.19","0","0","0.8","","11.6"
"Poland"," 2010","0.37","0.31","0.18","0","0","0.86","","7.95"
"Poland"," 2008","0.34","0.41","0.18","0","0","0.94","","5.75"
"Portugal"," 2020","0.46","0.14","0.19","0","0","0.79","EUR","4.4"
"Portugal"," 2018","0.38","0.15","0.19","0","0","0.72","","5"
"Portugal"," 2016","0.38","0.17","0.19","0","0","0.74","","4.8"
"Portugal"," 2014","0.39","0.17","0.19","0","0","0.75","","4.5"
"Portugal"," 2012","0.37","0.2","0.19","0","0","0.76","","4.2"
"Portugal"," 2010","0.39","0.23","0.17","0","0","0.79","","3.5"
"Portugal"," 2008","0.39","0.23","0.17","0","0","0.8","","3.3"
"Qatar"," 2020","0","0.5","0","0.18","0","0.68","QAR","22"
"Qatar"," 2018","0","0","0","0.4","0","0.4","","10"
"Qatar"," 2016","0","0","0","0.2","0","0.2","","10"
"Qatar"," 2014","0","0","0","0.2","0","0.2","","10"
"Qatar"," 2012","0","0","0","0.22","0","0.22","","9"
"Qatar"," 2010","0","0","0","0.33","0","0.33","","6"
"Qatar"," 2008","0","0","0","0.33","0","0.33","","6"
"Republic of Korea"," 2020","0.65","0","0.09","0","0","0.74","KRW","4500"
"Republic of Korea"," 2018","0.65","0","0.09","0","0","0.74","","4500"
"Republic of Korea"," 2016","0.65","0","0.09","0","0","0.74","","4500"
"Republic of Korea"," 2014","0.53","0","0.09","0","0","0.62","","2500"
"Republic of Korea"," 2012","0.53","0","0.09","0","0","0.62","","2500"
"Republic of Korea"," 2010","0.53","0","0.09","0","0","0.62","","2500"
"Republic of Korea"," 2008","0.53","0","0.09","0","0","0.62","","2500"
"Republic of Moldova"," 2020","0.33","0.13","0.17","0","0","0.62","MDL","33"
"Republic of Moldova"," 2018","0.29","0.12","0.17","0","0","0.58","","28"
"Republic of Moldova"," 2016","0.3","0.12","0.17","0","0","0.59","","20"
"Republic of Moldova"," 2014","0.1","0.24","0.17","0","0","0.51","","15"
"Republic of Moldova"," 2012","0.03","0.24","0.17","0","0","0.44","","13"
"Republic of Moldova"," 2010","0.01","0.12","0.17","0","0","0.3","","9"
"Republic of Moldova"," 2008","0.02","0.03","0.17","0","0","0.22","","6"
"North Macedonia"," 2020","0.56","0.09","0.15","0","0","0.8","MKD","94.74"
"North Macedonia"," 2018","0.57","0.09","0.15","0","0","0.81","","78.95"
"North Macedonia"," 2016","0.47","0.09","0.15","0","0","0.71","","66.32"
"North Macedonia"," 2014","0.48","0.09","0.15","0","0","0.73","","60"
"North Macedonia"," 2012","0.04","0.35","0.15","0","0.17","0.71","","54.74"
"North Macedonia"," 2010","0.04","0.35","0.15","0","0.18","0.72","","52.63"
"North Macedonia"," 2008","0.04","0.35","0.15","0","0.18","0.72","","52.63"
"Romania"," 2020","0.4","0.14","0.16","0","0","0.7","RON","20.5"
"Romania"," 2018","0.39","0.14","0.16","0","0","0.69","","17.5"
"Romania"," 2016","0.41","0.14","0.17","0","0","0.72","","16"
"Romania"," 2014","0.37","0.19","0.19","0","0","0.75","","14.5"
"Romania"," 2012","0.34","0.2","0.19","0","0","0.73","","13.5"
"Romania"," 2010","0.42","0.22","0.19","0","0","0.83","","9.9"
"Romania"," 2008","0.31","0.25","0.16","0","0","0.72","","6.5"
"Russian Federation"," 2020","0.25","0.15","0.17","0","0","0.56","RUB","158"
"Russian Federation"," 2018","0.27","0.15","0.15","0","0","0.57","","125"
"Russian Federation"," 2016","0.24","0.12","0.15","0","0","0.51","","105"
"Russian Federation"," 2014","0.24","0.09","0.15","0","0","0.48","","67"
"Russian Federation"," 2012","0.18","0.08","0.15","0","0","0.4","","44"
"Russian Federation"," 2010","0.13","0.07","0.15","0","0","0.35","","31"
"Russian Federation"," 2008","0.1","0.06","0.15","0","0","0.3","","25"
"Rwanda"," 2020","0.13","0.36","0.15","0","0","0.64","RWF","1000"
"Rwanda"," 2018","0.05","0.36","0.15","0","0","0.56","","650"
"Rwanda"," 2016","0.05","0.36","0.15","0","0","0.56","","650"
"Rwanda"," 2014","0","0.17","0.15","0","0","0.33","","650"
"Rwanda"," 2012","0","0.19","0.15","0","0","0.34","","600"
"Rwanda"," 2010","0","0.23","0.15","0","0","0.38","","500"
"Rwanda"," 2008","0","0.18","0.15","0","0","0.33","","500"
"Saint Kitts and Nevis"," 2018","0","0.04","0.15","0","0.01","0.2","","8"
"Saint Kitts and Nevis"," 2016","0","0.04","0.15","0","0.01","0.2","","8"
"Saint Kitts and Nevis"," 2014","0","0.04","0.15","0","0.01","0.2","","8"
"Saint Kitts and Nevis"," 2012","0","0.04","0.15","0","0.01","0.2","","7.75"
"Saint Kitts and Nevis"," 2010","0","0.05","0.07","0","0.02","0.14","","6.5"
"Saint Kitts and Nevis"," 2008","0","0.07","0.09","0","0.02","0.18","","5"
"Saint Lucia"," 2020","0.39","0","0.11","0","0.01","0.51","XCD","8.95"
"Saint Lucia"," 2018","0.39","0","0.11","0","0.01","0.51","","8.95"
"Saint Lucia"," 2016","0.43","0","0.13","0","0.01","0.57","","8.25"
"Saint Lucia"," 2014","0.49","0","0.13","0","0.01","0.63","","7.25"
"Saint Lucia"," 2012","0.29","0","0","0","0.01","0.3","","8.75"
"Saint Lucia"," 2010","0","0.25","0","0","0.02","0.27","","6.5"
"Saint Lucia"," 2008","0","0.28","0","0","0.02","0.3","","6.5"
"Saint Vincent and the Grenadines"," 2020","0.07","0","0.14","0","0.02","0.23","XCD","8"
"Saint Vincent and the Grenadines"," 2018","0.03","0","0.14","0","0","0.17","","10"
"Saint Vincent and the Grenadines"," 2016","0.05","0","0.13","0","0.02","0.21","","6"
"Saint Vincent and the Grenadines"," 2014","0.02","0","0.13","0","0.01","0.16","","6"
"Saint Vincent and the Grenadines"," 2012","0.02","0","0.13","0","0.02","0.17","","5.5"
"Saint Vincent and the Grenadines"," 2010","0.02","0","0.13","0","0","0.15","","5.4"
"Saint Vincent and the Grenadines"," 2008","0.02","0","0.13","0","0","0.15","","5.4"
"Samoa"," 2020","0.36","0","0.13","0","0","0.49","WST","14.2"
"Samoa"," 2018","0.36","0","0.13","0","0","0.5","","13.4"
"Samoa"," 2016","0.39","0","0.13","0","0","0.52","","11.5"
"Samoa"," 2014","0.42","0","0.13","0","0","0.55","","9.5"
"Samoa"," 2012","0.47","0","0.13","0","0","0.6","","8.6"
"Samoa"," 2010","0.48","0","0.13","0","0","0.61","","8"
"Samoa"," 2008","0.49","0","0.13","0","0","0.63","","7.8"
"San Marino"," 2016","0","0.74","0","0","0","0.74","","4.7"
"San Marino"," 2014","0","0.74","0","0","0","0.74","","4.5"
"San Marino"," 2012","0","0.74","0","0","0","0.74","","4.4"
"San Marino"," 2010","0","0.74","0","0","0","0.74","","4"
"Sao Tome and Principe"," 2020","0.17","0.12","0","0.05","0","0.34","STN","30"
"Sao Tome and Principe"," 2018","0.2","0.15","0","0.05","0","0.4","","25"
"Sao Tome and Principe"," 2016","0","0.18","0","0.07","0","0.25","","20000"
"Sao Tome and Principe"," 2014","0","0.18","0","0.07","0","0.25","","20000"
"Sao Tome and Principe"," 2012","0","0.18","0","0.07","0","0.25","","20000"
"Sao Tome and Principe"," 2010","0","0.18","0","0.07","0","0.25","","20000"
"Sao Tome and Principe"," 2008","0","0.18","0","0.07","0","0.25","","20000"
"Saudi Arabia"," 2020","0","0.47","0.13","0.14","0","0.74","SAR","28"
"Saudi Arabia"," 2018","0","0.49","0.05","0.15","0","0.68","","27.5"
"Saudi Arabia"," 2016","0","0","0","0.17","0","0.17","","12"
"Saudi Arabia"," 2014","0","0","0","0.2","0","0.2","","10"
"Saudi Arabia"," 2012","0","0","0","0.22","0","0.22","","9"
"Saudi Arabia"," 2010","0","0","0","0.29","0","0.29","","7"
"Saudi Arabia"," 2008","0","0","0","0.33","0","0.33","","6"
"Senegal"," 2020","0","0.23","0.15","0","0","0.38","XOF","700"
"Senegal"," 2018","0","0.23","0.15","0","0","0.38","","700"
"Senegal"," 2016","0","0.23","0.15","0","0","0.38","","500"
"Senegal"," 2014","0","0.2","0.15","0","0","0.35","","500"
"Senegal"," 2012","0.15","0","0.15","0","0","0.3","","400"
"Senegal"," 2010","0.15","0","0.15","0","0","0.3","","400"
"Senegal"," 2008","0","0.12","0.15","0","0","0.27","","400"
"Serbia"," 2020","0.27","0.33","0.17","0","0","0.77","RSD","280"
"Serbia"," 2018","0.28","0.33","0.17","0","0","0.77","","250"
"Serbia"," 2016","0.28","0.33","0.17","0","0","0.78","","220"
"Serbia"," 2014","0.28","0.33","0.17","0","0","0.78","","170"
"Serbia"," 2012","0.3","0.34","0.15","0","0.02","0.81","","110"
"Serbia"," 2010","0.23","0.35","0.15","0","0.02","0.75","","75"
"Serbia"," 2008","0.12","0.33","0.15","0","0.02","0.62","","70"
"Seychelles"," 2020","0.56","0","0.13","0","0","0.7","SCR","130"
"Seychelles"," 2018","0.57","0","0.13","0","0","0.7","","117"
"Seychelles"," 2016","0.58","0","0.13","0","0","0.71","","105"
"Seychelles"," 2014","0.67","0","0.13","0","0","0.8","","75"
"Seychelles"," 2012","0.67","0","0","0","0","0.67","","75"
"Seychelles"," 2010","0.68","0","0","0","0","0.68","","74"
"Seychelles"," 2008","0.76","0","0","0","0","0.76","","66"
"Sierra Leone"," 2020","0","0.04","0.13","0.05","0","0.23","SLL","6000"
"Sierra Leone"," 2018","0","0.05","0.13","0","0","0.18","","5000"
"Sierra Leone"," 2016","0","0","0.13","0","0","0.13","","3500"
"Sierra Leone"," 2014","0","0","0.13","0","0","0.13","","3500"
"Sierra Leone"," 2012","0","0","0.13","0","0","0.13","","2400"
"Sierra Leone"," 2010","0","0","0.13","0","0","0.13","","1600"
"Sierra Leone"," 2008","0","0","0.13","0","0","0.13","","1600"
"Singapore"," 2020","0.61","0","0.07","0","0","0.67","SGD","14.1"
"Singapore"," 2018","0.61","0","0.07","0","0","0.67","","14.1"
"Singapore"," 2016","0.6","0","0.07","0","0","0.66","","13"
"Singapore"," 2014","0.6","0","0.07","0","0","0.66","","13"
"Singapore"," 2012","0.59","0","0.07","0","0","0.66","","11.9"
"Singapore"," 2010","0.61","0","0.07","0","0","0.67","","11.6"
"Singapore"," 2008","0.61","0","0.07","0","0","0.67","","11.6"
"Slovakia"," 2020","0.37","0.23","0.17","0","0","0.76","EUR","3.5"
"Slovakia"," 2018","0.37","0.23","0.17","0","0","0.77","","3.3"
"Slovakia"," 2016","0.38","0.23","0.17","0","0","0.78","","3.1"
"Slovakia"," 2014","0.42","0.23","0.17","0","0","0.82","","2.84"
"Slovakia"," 2012","0.42","0.23","0.17","0","0","0.82","","2.74"
"Slovakia"," 2010","0.43","0.24","0.16","0","0","0.83","","2.42"
"Slovakia"," 2008","0.45","0.24","0.16","0","0","0.85","","2.1"
"Slovenia"," 2020","0.39","0.22","0.18","0","0","0.79","EUR","3.8"
"Slovenia"," 2018","0.39","0.23","0.18","0","0","0.79","","3.7"
"Slovenia"," 2016","0.39","0.21","0.18","0","0","0.79","","3.5"
"Slovenia"," 2014","0.39","0.23","0.18","0","0","0.8","","3.45"
"Slovenia"," 2012","0.24","0.39","0.17","0","0","0.79","","2.9"
"Slovenia"," 2010","0.15","0.44","0.17","0","0","0.76","","2.5"
"Slovenia"," 2008","0.15","0.43","0.17","0","0","0.75","","2.2"
"Solomon Islands"," 2018","0.25","0","0.09","0","0","0.34","","32"
"Solomon Islands"," 2016","0.2","0","0.09","0","0","0.29","","32"
"Solomon Islands"," 2014","0.19","0","0.09","0","0","0.28","","30.08"
"Solomon Islands"," 2012","0.2","0","0.09","0","0","0.29","","24"
"Somalia"," 2020","0","0","0.03","0.04","0","0.07","SOS","12000"
"Somalia"," 2018","0","0","0.03","0.04","0","0.07","","12000"
"Somalia"," 2016","0","0","0","0.04","0","0.04","","12000"
"Somalia"," 2012","0","0","0","0.04","0","0.04","","13000"
"Somalia"," 2010","0","0","0","0.1","0","0.1","","0.3"
"Somalia"," 2008","0","0","0","0.1","0","0.1","","0.3"
"South Africa"," 2020","0.4","0","0.13","0","0","0.53","ZAR","43.84"
"South Africa"," 2018","0.42","0","0.13","0","0","0.55","","37.34"
"South Africa"," 2016","0.37","0","0.12","0","0","0.5","","35.53"
"South Africa"," 2014","0.37","0","0.12","0","0","0.49","","31.74"
"South Africa"," 2012","0.37","0","0.12","0","0","0.49","","27.81"
"South Africa"," 2010","0.36","0","0.12","0","0","0.48","","24.83"
"South Africa"," 2008","0.36","0","0.12","0","0","0.48","","19.18"
"South Sudan"," 2020","0","0.34","0.15","0","0.17","0.66","SSP","400"
"South Sudan"," 2016","0","0.61","0.15","0","0","0.76","","150"
"Spain"," 2020","0.1","0.51","0.17","0","0","0.78","EUR","5"
"Spain"," 2018","0.1","0.51","0.17","0","0","0.78","","5"
"Spain"," 2016","0.1","0.51","0.17","0","0","0.78","","4.85"
"Spain"," 2014","0.1","0.51","0.17","0","0","0.78","","4.8"
"Spain"," 2012","0.08","0.55","0.15","0","0","0.79","","4.5"
"Spain"," 2010","0.06","0.57","0.15","0","0","0.78","","3.4"
"Spain"," 2008","0.07","0.57","0.14","0","0","0.77","","2.5"
"Sri Lanka"," 2020","0.66","0","0.11","0","0","0.77","LKR","1300"
"Sri Lanka"," 2018","0.55","0","0.11","0","0","0.66","","1100"
"Sri Lanka"," 2016","0.48","0","0.11","0","0.04","0.62","","1000"
"Sri Lanka"," 2014","0.55","0","0.11","0","0.04","0.7","","600"
"Sri Lanka"," 2012","0.6","0","0.11","0","0.04","0.74","","500"
"Sri Lanka"," 2010","0.59","0","0.11","0","0.04","0.74","","380"
"Sri Lanka"," 2008","0.59","0","0.13","0","0","0.72","","320"
"Sudan"," 2020","0","0.62","0.11","0","0","0.73","SDG","60"
"Sudan"," 2018","0","0.69","0","0","0.01","0.7","","30"
"Sudan"," 2016","0","0.69","0","0","0.01","0.7","","20"
"Sudan"," 2014","0","0.68","0","0","0","0.68","","14"
"Sudan"," 2012","0","0.68","0","0","0","0.68","","8"
"Sudan"," 2010","0","0.68","0","0","0","0.68","","6"
"Sudan"," 2008","0","0.68","0","0","0","0.68","","4"
"Suriname"," 2020","0.22","0","0.05","0","0","0.27","SRD","45"
"Suriname"," 2018","0.39","0","0.08","0","0","0.48","","25"
"Suriname"," 2016","0.56","0","0.08","0","0","0.64","","17"
"Suriname"," 2014","0.48","0","0.07","0","0","0.55","","9"
"Suriname"," 2012","0.51","0","0.09","0","0","0.6","","8.5"
"Suriname"," 2010","0.41","0","0.09","0","0","0.5","","6"
"Suriname"," 2008","0.48","0","0.09","0","0","0.57","","5"
"Sweden"," 2020","0.47","0.01","0.2","0","0","0.68","SEK","68"
"Sweden"," 2018","0.47","0.01","0.2","0","0","0.68","","65"
"Sweden"," 2016","0.48","0.01","0.2","0","0","0.69","","63.16"
"Sweden"," 2014","0.48","0.01","0.2","0","0","0.69","","58.95"
"Sweden"," 2012","0.53","0.01","0.2","0","0","0.74","","53"
"Sweden"," 2010","0.12","0.39","0.2","0","0","0.72","","50"
"Sweden"," 2008","0.13","0.39","0.2","0","0","0.72","","49"
"Switzerland"," 2020","0.27","0.25","0.07","0","0.01","0.6","CHF","8.8"
"Switzerland"," 2018","0.28","0.25","0.07","0","0.01","0.6","","8.6"
"Switzerland"," 2016","0.28","0.25","0.07","0","0.01","0.61","","8.5"
"Switzerland"," 2014","0.28","0.25","0.07","0","0.01","0.61","","8.4"
"Switzerland"," 2012","0.29","0.25","0.07","0","0.01","0.62","","7.9"
"Switzerland"," 2010","0.3","0.25","0.07","0","0.01","0.64","","7.2"
"Switzerland"," 2008","0.3","0.25","0.07","0","0.01","0.63","","6.6"
"Syrian Arab Republic"," 2020","0","0.2","0","0","0.22","0.42","SYP","500"
"Syrian Arab Republic"," 2018","0","0.2","0","0","0.22","0.42","","130"
"Syrian Arab Republic"," 2016","0","0.2","0","0","0.22","0.42","","130"
"Syrian Arab Republic"," 2012","0","0.15","0","0","0.18","0.33","","60"
"Syrian Arab Republic"," 2010","0","0.15","0","0","0.18","0.33","","30"
"Syrian Arab Republic"," 2008","0","0.15","0","0","0.18","0.33","","30"
"Tajikistan"," 2020","0.26","0","0.15","0","0","0.42","TJS","9"
"Tajikistan"," 2018","0.27","0","0.15","0","0","0.43","","8"
"Tajikistan"," 2016","0.03","0","0.15","0.1","0","0.28","","5.5"
"Tajikistan"," 2014","0.03","0","0.15","0.08","0","0.26","","5"
"Tajikistan"," 2012","0.03","0","0.15","0.12","0","0.31","","3"
"Tajikistan"," 2010","0.03","0","0.15","0.11","0","0.3","","3"
"Thailand"," 2020","0.4","0.19","0.07","0","0.13","0.79","THB","60"
"Thailand"," 2018","0.4","0.19","0.07","0","0.13","0.79","","60"
"Thailand"," 2016","0","0.63","0.07","0","0.04","0.73","","86"
"Thailand"," 2014","0","0.62","0.07","0","0.05","0.73","","65"
"Thailand"," 2012","0","0.58","0.07","0","0.05","0.7","","58"
"Thailand"," 2010","0","0.58","0.07","0","0.04","0.69","","58"
"Thailand"," 2008","0","0.53","0.07","0","0.04","0.64","","45"
"Timor-Leste"," 2020","0.19","0","0.02","0","0","0.22","USD","2"
"Timor-Leste"," 2018","0.19","0","0.02","0","0","0.22","","2"
"Timor-Leste"," 2016","0.25","0","0.02","0","0","0.28","","1.5"
"Timor-Leste"," 2014","0.3","0","0.02","0.01","0","0.34","","1.25"
"Timor-Leste"," 2012","0.3","0","0.02","0.01","0","0.34","","1.25"
"Timor-Leste"," 2010","","","","","","0","","1.25"
"Timor-Leste"," 2008","","","","","","","","1"
"Togo"," 2020","0","0.25","0.15","0","0.01","0.41","XOF","700"
"Togo"," 2018","0","0.06","0.15","0","0.01","0.22","","600"
"Togo"," 2016","0","0.07","0.15","0","0","0.22","","500"
"Togo"," 2014","0","0.08","0.15","0","0","0.24","","400"
"Togo"," 2012","0","0.07","0.15","0","0","0.22","","400"
"Togo"," 2010","0","0.06","0.15","0","0","0.22","","380"
"Togo"," 2008","0","0.05","0.15","0","0","0.2","","350"
"Tonga"," 2020","0.65","0","0.01","0.01","0","0.67","TOP","23"
"Tonga"," 2018","0.6","0","0.01","0.01","0","0.62","","20"
"Tonga"," 2016","0.63","0","0.02","0.02","0","0.67","","12"
"Tonga"," 2014","0.59","0","0.02","0","0","0.61","","8.5"
"Tonga"," 2012","0.5","0","0.02","0","0","0.52","","8"
"Tonga"," 2010","0.55","0","0.02","0","0","0.56","","7.3"
"Tonga"," 2008","0.41","0","0.01","0","0","0.43","","7.3"
"Trinidad and Tobago"," 2020","0.15","0","0.11","0","0","0.26","TTD","30"
"Trinidad and Tobago"," 2018","0.15","0","0.11","0","0","0.26","","30"
"Trinidad and Tobago"," 2016","0.15","0","0.11","0","0","0.26","","26"
"Trinidad and Tobago"," 2014","0.17","0","0.13","0","0","0.3","","23"
"Trinidad and Tobago"," 2012","0.2","0","0.13","0","0","0.33","","19.5"
"Trinidad and Tobago"," 2010","0.21","0","0.13","0","0","0.34","","16"
"Trinidad and Tobago"," 2008","0.24","0","0.13","0","0","0.37","","14"
"Tunisia"," 2020","0.13","0.3","0.1","0","0.17","0.7","TND","3.5"
"Tunisia"," 2018","0.16","0.27","0.09","0","0.2","0.72","","2.85"
"Tunisia"," 2016","0.17","0.26","0.08","0","0.23","0.75","","2.55"
"Tunisia"," 2014","0.17","0.26","0.08","0","0.23","0.75","","2.55"
"Tunisia"," 2012","0.2","0.25","0.08","0","0.26","0.78","","2.25"
"Tunisia"," 2010","0.47","0.14","0.04","0","0.21","0.86","","1.9"
"Tunisia"," 2008","0.42","0.15","0.05","0","0.24","0.85","","1.7"
"Türkiye"," 2020","0.03","0.67","0.15","0","0","0.85","TRY","18.5"
"Türkiye"," 2018","0.03","0.63","0.15","0","0","0.81","","13.5"
"Türkiye"," 2016","0.03","0.65","0.15","0","0","0.83","","10"
"Türkiye"," 2014","0.02","0.65","0.15","0","0","0.82","","8"
"Türkiye"," 2012","0","0.65","0.15","0","0","0.8","","6.5"
"Türkiye"," 2010","0","0.63","0.15","0","0","0.78","","4.5"
"Türkiye"," 2008","0","0.58","0.15","0","0","0.73","","3"
"Turkmenistan"," 2020","0","0.29","0.13","0","0","0.42","TMT","30"
"Turkmenistan"," 2018","0","0.11","0.08","0","0.13","0.32","","25"
"Turkmenistan"," 2016","0","0.12","0.06","0","0.09","0.27","","19"
"Turkmenistan"," 2014","0.12","0","0.13","0.01","0","0.26","","11.65"
"Turkmenistan"," 2012","0.16","0","0.13","0.01","0","0.3","","9"
"Turkmenistan"," 2010","0.42","0","0.13","0.03","0","0.58","","3.4"
"Turkmenistan"," 2008","0.24","0","0.13","0.01","0","0.38","","11000"
"Tuvalu"," 2020","0","0.03","0.03","0.33","0","0.39","AUD","6"
"Tuvalu"," 2018","0","0.25","0.01","0.03","0","0.3","","6"
"Tuvalu"," 2016","0","0.43","0.02","0.06","0","0.51","","3.5"
"Tuvalu"," 2014","0","0.02","0","0","0","0.03","","2.5"
"Tuvalu"," 2012","0","0.1","0.04","0.01","0","0.15","","6"
"Tuvalu"," 2010","0","0.11","0.03","0.02","0","0.16","","6"
"Tuvalu"," 2008","","","","","","","","4.5"
"Uganda"," 2020","0.28","0","0.07","0","0","0.35","UGX","4000"
"Uganda"," 2018","0.31","0","0.08","0","0","0.4","","3500"
"Uganda"," 2016","0.33","0","0.09","0","0","0.42","","3000"
"Uganda"," 2014","0.28","0","0.08","0","0","0.36","","2500"
"Uganda"," 2012","0.2","0","0.15","0","0","0.35","","2500"
"Uganda"," 2010","0.29","0","0.15","0","0","0.45","","1500"
"Uganda"," 2008","0.44","0","0.15","0","0","0.59","","1000"
"Ukraine"," 2020","0.44","0.04","0.17","0","0.05","0.69","UAH","40.96"
"Ukraine"," 2018","0.4","0.13","0.17","0","0.05","0.75","","29.05"
"Ukraine"," 2016","0.43","0.15","0.17","0","0.05","0.79","","14.7"
"Ukraine"," 2014","0.48","0.16","0.17","0","0","0.81","","9"
"Ukraine"," 2012","0.3","0.21","0.17","0","0","0.67","","7.5"
"Ukraine"," 2010","0.33","0.21","0.17","0","0","0.7","","5.5"
"Ukraine"," 2008","0.24","0.08","0.17","0","0","0.49","","2.5"
"United Arab Emirates"," 2020","0","0.49","0.05","0.19","0","0.73","AED","21"
"United Arab Emirates"," 2018","0","0.49","0.05","0.2","0","0.74","","20"
"United Arab Emirates"," 2016","0","0","0","0.18","0","0.18","","11"
"United Arab Emirates"," 2014","0","0","0","0.2","0","0.2","","10"
"United Arab Emirates"," 2012","0","0","0","0.25","0","0.25","","8"
"United Arab Emirates"," 2010","0","0","0","0.29","0","0.29","","7"
"United Arab Emirates"," 2008","0","0","0","0.31","0","0.31","","6.5"
"United Kingdom of Great Britain and Northern Ireland"," 2020","0.46","0.17","0.17","0","0","0.79","GBP","10.3"
"United Kingdom of Great Britain and Northern Ireland"," 2018","0.46","0.17","0.17","0","0","0.79","","9.4"
"United Kingdom of Great Britain and Northern Ireland"," 2016","0.47","0.17","0.17","0","0","0.81","","8.3"
"United Kingdom of Great Britain and Northern Ireland"," 2014","0.49","0.17","0.17","0","0","0.82","","7.52"
"United Kingdom of Great Britain and Northern Ireland"," 2012","0.47","0.17","0.17","0","0","0.8","","6.6"
"United Kingdom of Great Britain and Northern Ireland"," 2010","0.38","0.24","0.15","0","0","0.77","","6.29"
"United Kingdom of Great Britain and Northern Ireland"," 2008","0.4","0.24","0.13","0","0","0.77","","5.67"
"United Republic of Tanzania"," 2020","0.15","0","0.15","0","0","0.3","TZS","4000"
"United Republic of Tanzania"," 2018","0.17","0","0.15","0","0","0.32","","3500"
"United Republic of Tanzania"," 2016","0.19","0","0.15","0","0","0.34","","3000"
"United Republic of Tanzania"," 2014","0.15","0","0.15","0","0","0.31","","3500"
"United Republic of Tanzania"," 2012","0.13","0","0.15","0","0","0.28","","2500"
"United Republic of Tanzania"," 2010","0.11","0","0.15","0","0","0.26","","2500"
"United Republic of Tanzania"," 2008","0.18","0","0.17","0","0","0.35","","1400"
"United States of America"," 2020","0.35","0","0.05","0","0","0.4","USD","7.33"
"United States of America"," 2018","0.38","0","0.05","0","0","0.43","","6.86"
"United States of America"," 2016","0.38","0","0.05","0","0","0.43","","6.43"
"United States of America"," 2014","0.37","0","0.05","0","0","0.43","","6.23"
"United States of America"," 2012","0.38","0","0.05","0","0","0.43","","6.07"
"United States of America"," 2010","0.4","0","0.05","0","0","0.45","","5.72"
"United States of America"," 2008","0.32","0","0.05","0","0","0.37","","4.58"
"Uruguay"," 2020","0.48","0","0.18","0","0","0.66","UYU","165"
"Uruguay"," 2018","0.48","0","0.18","0","0","0.66","","140"
"Uruguay"," 2016","0.47","0","0.18","0","0","0.66","","110"
"Uruguay"," 2014","0.49","0","0.18","0","0","0.67","","78"
"Uruguay"," 2012","0.51","0","0.18","0","0","0.69","","75"
"Uruguay"," 2010","0.54","0","0.18","0","0","0.72","","70"
"Uruguay"," 2008","0.48","0","0.18","0","0","0.66","","45"
"Uzbekistan"," 2020","0.36","0.07","0.13","0","0","0.56","UZS","8500"
"Uzbekistan"," 2018","0.28","0","0.17","0","0","0.45","","6000"
"Uzbekistan"," 2016","0.19","0","0.17","0","0","0.36","","3000"
"Uzbekistan"," 2014","0.16","0","0.17","0","0","0.33","","2200"
"Uzbekistan"," 2012","0.13","0","0.17","0","0","0.29","","1700"
"Uzbekistan"," 2010","0.13","0","0.17","0","0","0.3","","1100"
"Uzbekistan"," 2008","0.15","0","0.17","0","0","0.32","","700"
"Vanuatu"," 2020","0.44","0","0.07","0.02","0","0.53","VUV","735"
"Vanuatu"," 2018","0.44","0","0.07","0.02","0","0.53","","735"
"Vanuatu"," 2016","0.44","0","0.06","0.02","0","0.52","","720"
"Vanuatu"," 2014","0.44","0","0.06","0.02","0","0.52","","720"
"Vanuatu"," 2012","0.46","0","0.06","0.02","0","0.54","","700"
"Vanuatu"," 2010","0.12","0","0.07","0.37","0","0.56","","653"
"Vanuatu"," 2008","0.13","0","0.06","0.38","0","0.56","","640"
"Venezuela (Bolivarian Republic of)"," 2020","0","0.67","0.05","0","0.02","0.73","VES","500000"
"Venezuela (Bolivarian Republic of)"," 2018","0","0.68","0.03","0","0.02","0.73","","300"
"Venezuela (Bolivarian Republic of)"," 2016","0","0.68","0.03","0","0.02","0.73","","1400"
"Venezuela (Bolivarian Republic of)"," 2014","0","0.68","0.03","0","0","0.71","","90"
"Venezuela (Bolivarian Republic of)"," 2012","0","0.68","0.03","0","0","0.71","","30"
"Venezuela (Bolivarian Republic of)"," 2010","0","0.68","0.03","0","0","0.71","","16"
"Venezuela (Bolivarian Republic of)"," 2008","0","0.68","0.03","0","0","0.71","","8.5"
"Viet Nam"," 2020","0","0.3","0.07","0","0.01","0.39","VND","21500"
"Viet Nam"," 2018","0","0.29","0.07","0","0.01","0.37","","20000"
"Viet Nam"," 2016","0","0.29","0.07","0","0","0.36","","20000"
"Viet Nam"," 2014","0","0.25","0.06","0","0","0.32","","18730"
"Viet Nam"," 2012","0","0.25","0.06","0","0","0.32","","15000"
"Viet Nam"," 2010","0","0.25","0.06","0","0","0.32","","14000"
"Viet Nam"," 2008","0","0.25","0.06","0","0","0.32","","11000"
"Yemen"," 2020","0.03","0","0.47","0","0","0.51","YER","600"
"Yemen"," 2018","0.03","0","0.47","0","0","0.51","","550"
"Yemen"," 2016","0.05","0","0.47","0","0","0.53","","350"
"Yemen"," 2014","0.06","0","0.47","0","0","0.54","","280"
"Yemen"," 2012","0.05","0","0.47","0","0","0.53","","250"
"Yemen"," 2010","0.06","0","0.47","0","0","0.53","","180"
"Yemen"," 2008","0.07","0","0.47","0","0","0.55","","150"
"Zambia"," 2020","0.25","0","0.14","0","0","0.39","ZMW","21.2"
"Zambia"," 2018","0.27","0","0.14","0","0","0.41","","17.5"
"Zambia"," 2016","0.24","0","0.14","0","0","0.37","","17"
"Zambia"," 2014","0.2","0","0.14","0","0","0.34","","9"
"Zambia"," 2012","0.23","0","0.14","0","0","0.36","","8000"
"Zambia"," 2010","0.23","0","0.14","0","0","0.36","","8000"
"Zambia"," 2008","0.33","0","0.14","0","0","0.47","","5500"
"Zimbabwe"," 2020","0.02","0.14","0.13","0","0","0.29","ZWL","95"
"Zimbabwe"," 2018","0.23","0","0.13","0","0","0.36","","1.75"
"Zimbabwe"," 2016","0.23","0","0.13","0","0","0.36","","1.75"
"Zimbabwe"," 2014","0.23","0","0.13","0","0","0.36","","1.3"
"Zimbabwe"," 2012","0.2","0","0.13","0","0","0.33","","1"
"Zimbabwe"," 2010","0","0.39","0.13","0","0","0.52","","0.5"
"Zimbabwe"," 2008","0","0.34","0.09","0","0","0.43","","0.4"
